year,region,msw_frac,property,value,unit
2006,CN,msw_food,def,0.591,kg/kg
2006,JP,msw_food,def,0.26,kg/kg
2006,MN,msw_food,def,0.708,kg/kg
2006,KR,msw_food,def,0.052,kg/kg
2006,ID,msw_food,def,0.74,kg/kg
2006,LA,msw_food,def,0.543,kg/kg
2006,MY,msw_food,def,0.324,kg/kg
2006,MM,msw_food,def,0.8,kg/kg
2006,PH,msw_food,def,0.416,kg/kg
2006,SG,msw_food,def,0.101,kg/kg
2006,TH,msw_food,def,0.486,kg/kg
2006,VN,msw_food,def,0.427,kg/kg
2006,BD,msw_food,def,0.549,kg/kg
2006,IN,msw_food,def,0.53,kg/kg
2006,NP,msw_food,def,0.8,kg/kg
2006,LK,msw_food,def,0.764,kg/kg
2006,CY,msw_food,def,0.342,kg/kg
2006,JO,msw_food,def,0.52,kg/kg
2006,OM,msw_food,def,0.082,kg/kg
2006,SA,msw_food,def,0.48,kg/kg
2006,PS,msw_food,def,0.566,kg/kg
2006,TR,msw_food,def,0.487,kg/kg
2006,AE,msw_food,def,0.354,kg/kg
2006,TN,msw_food,def,0.644,kg/kg
2006,KE,msw_food,def,0.644,kg/kg
2006,MU,msw_food,def,0.294,kg/kg
2006,TZ,msw_food,def,0.571,kg/kg
2006,ZM,msw_food,def,0.39,kg/kg
2006,ZW,msw_food,def,0.32,kg/kg
2006,CM,msw_food,def,0.284,kg/kg
2006,ZA,msw_food,def,0.24,kg/kg
2006,GH,msw_food,def,0.73,kg/kg
2006,ML,msw_food,def,0.25,kg/kg
2006,NG,msw_food,def,0.636,kg/kg
2006,BG,msw_food,def,0.187,kg/kg
2006,CZ,msw_food,def,0.35,kg/kg
2006,HU,msw_food,def,0.29,kg/kg
2006,PL,msw_food,def,0.359,kg/kg
2006,RO,msw_food,def,0.435,kg/kg
2006,RU,msw_food,def,0.302,kg/kg
2006,DK,msw_food,def,0.41,kg/kg
2006,EE,msw_food,def,0.26,kg/kg
2006,FI,msw_food,def,0.351,kg/kg
2006,IS,msw_food,def,0.412,kg/kg
2006,IE,msw_food,def,0.17,kg/kg
2006,LV,msw_food,def,0.0,kg/kg
2006,LT,msw_food,def,0.255,kg/kg
2006,SE,msw_food,def,0.43,kg/kg
2006,GB,msw_food,def,0.213,kg/kg
2006,HR,msw_food,def,0.309,kg/kg
2006,GR,msw_food,def,0.431,kg/kg
2006,IT,msw_food,def,0.126,kg/kg
2006,PT,msw_food,def,0.318,kg/kg
2006,RS,msw_food,def,0.443,kg/kg
2006,SI,msw_food,def,0.318,kg/kg
2006,ES,msw_food,def,0.562,kg/kg
2006,FR,msw_food,def,0.188,kg/kg
2006,DE,msw_food,def,0.632,kg/kg
2006,LU,msw_food,def,0.455,kg/kg
2006,NL,msw_food,def,0.35,kg/kg
2006,CH,msw_food,def,0.315,kg/kg
2006,JM,msw_food,def,0.62,kg/kg
2006,MX,msw_food,def,0.514,kg/kg
2006,NI,msw_food,def,0.748,kg/kg
2006,AR,msw_food,def,0.388,kg/kg
2006,BR,msw_food,def,0.535,kg/kg
2006,PE,msw_food,def,0.7,kg/kg
2006,CA,msw_food,def,0.188,kg/kg
2006,US,msw_food,def,0.216,kg/kg
2006,AU,msw_food,def,0.35,kg/kg
2006,NZ,msw_food,def,0.168,kg/kg
2006,TJ,msw_garden,def,0.0,kg/kg
2006,HK,msw_garden,def,0.0,kg/kg
2006,MO,msw_garden,def,0.0,kg/kg
2006,JP,msw_garden,def,0.0,kg/kg
2006,KR,msw_garden,def,0.0,kg/kg
2006,BN,msw_garden,def,0.0,kg/kg
2006,ID,msw_garden,def,0.0,kg/kg
2006,LA,msw_garden,def,0.0,kg/kg
2006,MY,msw_garden,def,0.0,kg/kg
2006,MM,msw_garden,def,0.041,kg/kg
2006,PH,msw_garden,def,0.0,kg/kg
2006,SG,msw_garden,def,0.05,kg/kg
2006,TH,msw_garden,def,0.0,kg/kg
2006,BD,msw_garden,def,0.0,kg/kg
2006,IR,msw_garden,def,0.0,kg/kg
2006,NP,msw_garden,def,0.0,kg/kg
2006,AM,msw_garden,def,0.131,kg/kg
2006,GE,msw_garden,def,0.0,kg/kg
2006,KW,msw_garden,def,0.061,kg/kg
2006,OM,msw_garden,def,0.0,kg/kg
2006,QA,msw_garden,def,0.0,kg/kg
2006,PS,msw_garden,def,0.068,kg/kg
2006,SY,msw_garden,def,0.0,kg/kg
2006,MA,msw_garden,def,0.0,kg/kg
2006,ER,msw_garden,def,0.0,kg/kg
2006,MG,msw_garden,def,0.347,kg/kg
2006,SC,msw_garden,def,0.0,kg/kg
2006,UG,msw_garden,def,0.0,kg/kg
2006,TZ,msw_garden,def,0.0,kg/kg
2006,ZW,msw_garden,def,0.0,kg/kg
2006,LS,msw_garden,def,0.0,kg/kg
2006,CI,msw_garden,def,0.0,kg/kg
2006,GM,msw_garden,def,0.0,kg/kg
2006,MR,msw_garden,def,0.0,kg/kg
2006,TG,msw_garden,def,0.1,kg/kg
2006,BY,msw_garden,def,0.0,kg/kg
2006,BG,msw_garden,def,0.0,kg/kg
2006,CZ,msw_garden,def,0.003,kg/kg
2006,HU,msw_garden,def,0.053,kg/kg
2006,PL,msw_garden,def,0.0,kg/kg
2006,RU,msw_garden,def,0.041,kg/kg
2006,SK,msw_garden,def,0.12,kg/kg
2006,DK,msw_garden,def,0.088,kg/kg
2006,EE,msw_garden,def,0.014,kg/kg
2006,FI,msw_garden,def,0.045,kg/kg
2006,IS,msw_garden,def,0.0,kg/kg
2006,IE,msw_garden,def,0.0,kg/kg
2006,LT,msw_garden,def,0.1,kg/kg
2006,NO,msw_garden,def,0.035,kg/kg
2006,GB,msw_garden,def,0.057,kg/kg
2006,BA,msw_garden,def,0.0,kg/kg
2006,HR,msw_garden,def,0.0,kg/kg
2006,MT,msw_garden,def,0.0,kg/kg
2006,ME,msw_garden,def,0.0,kg/kg
2006,PT,msw_garden,def,0.02,kg/kg
2006,RS,msw_garden,def,0.018,kg/kg
2006,AT,msw_garden,def,0.04,kg/kg
2006,BE,msw_garden,def,0.0,kg/kg
2006,FR,msw_garden,def,0.05,kg/kg
2006,DE,msw_garden,def,0.0,kg/kg
2006,LU,msw_garden,def,0.017,kg/kg
2006,GP,msw_garden,def,0.0,kg/kg
2006,GT,msw_garden,def,0.0,kg/kg
2006,HN,msw_garden,def,0.0,kg/kg
2006,NI,msw_garden,def,0.1,kg/kg
2006,AR,msw_garden,def,0.0,kg/kg
2006,GY,msw_garden,def,0.0,kg/kg
2006,VE,msw_garden,def,0.056,kg/kg
2006,BM,msw_garden,def,0.079,kg/kg
2006,CA,msw_garden,def,0.165,kg/kg
2006,US,msw_garden,def,0.079,kg/kg
2006,CN,msw_paper,def,0.085,kg/kg
2006,JP,msw_paper,def,0.46,kg/kg
2006,MN,msw_paper,def,0.043,kg/kg
2006,KR,msw_paper,def,0.226,kg/kg
2006,ID,msw_paper,def,0.1,kg/kg
2006,LA,msw_paper,def,0.033,kg/kg
2006,MY,msw_paper,def,0.2,kg/kg
2006,MM,msw_paper,def,0.04,kg/kg
2006,PH,msw_paper,def,0.195,kg/kg
2006,SG,msw_paper,def,0.151,kg/kg
2006,TH,msw_paper,def,0.146,kg/kg
2006,VN,msw_paper,def,0.107,kg/kg
2006,BD,msw_paper,def,0.126,kg/kg
2006,IN,msw_paper,def,0.064,kg/kg
2006,NP,msw_paper,def,0.07,kg/kg
2006,LK,msw_paper,def,0.106,kg/kg
2006,CY,msw_paper,def,0.225,kg/kg
2006,JO,msw_paper,def,0.13,kg/kg
2006,OM,msw_paper,def,0.194,kg/kg
2006,SA,msw_paper,def,0.21,kg/kg
2006,PS,msw_paper,def,0.073,kg/kg
2006,TR,msw_paper,def,0.081,kg/kg
2006,AE,msw_paper,def,0.243,kg/kg
2006,TN,msw_paper,def,0.089,kg/kg
2006,KE,msw_paper,def,0.059,kg/kg
2006,MU,msw_paper,def,0.141,kg/kg
2006,TZ,msw_paper,def,0.109,kg/kg
2006,ZM,msw_paper,def,0.03,kg/kg
2006,ZW,msw_paper,def,0.18,kg/kg
2006,CM,msw_paper,def,0.08,kg/kg
2006,ZA,msw_paper,def,0.145,kg/kg
2006,GH,msw_paper,def,0.08,kg/kg
2006,ML,msw_paper,def,0.048,kg/kg
2006,NG,msw_paper,def,0.097,kg/kg
2006,BG,msw_paper,def,0.134,kg/kg
2006,CZ,msw_paper,def,0.16,kg/kg
2006,HU,msw_paper,def,0.15,kg/kg
2006,PL,msw_paper,def,0.147,kg/kg
2006,RO,msw_paper,def,0.103,kg/kg
2006,RU,msw_paper,def,0.425,kg/kg
2006,DK,msw_paper,def,0.232,kg/kg
2006,EE,msw_paper,def,0.2,kg/kg
2006,FI,msw_paper,def,0.208,kg/kg
2006,IS,msw_paper,def,0.103,kg/kg
2006,IE,msw_paper,def,0.198,kg/kg
2006,LV,msw_paper,def,0.064,kg/kg
2006,LT,msw_paper,def,0.057,kg/kg
2006,SE,msw_paper,def,0.1,kg/kg
2006,GB,msw_paper,def,0.183,kg/kg
2006,HR,msw_paper,def,0.232,kg/kg
2006,GR,msw_paper,def,0.226,kg/kg
2006,IT,msw_paper,def,0.392,kg/kg
2006,PT,msw_paper,def,0.1,kg/kg
2006,RS,msw_paper,def,0.13,kg/kg
2006,SI,msw_paper,def,0.226,kg/kg
2006,ES,msw_paper,def,0.19,kg/kg
2006,FR,msw_paper,def,0.149,kg/kg
2006,DE,msw_paper,def,0.155,kg/kg
2006,LU,msw_paper,def,0.089,kg/kg
2006,NL,msw_paper,def,0.26,kg/kg
2006,CH,msw_paper,def,0.172,kg/kg
2006,JM,msw_paper,def,0.15,kg/kg
2006,MX,msw_paper,def,0.136,kg/kg
2006,NI,msw_paper,def,0.091,kg/kg
2006,AR,msw_paper,def,0.137,kg/kg
2006,BR,msw_paper,def,0.176,kg/kg
2006,PE,msw_paper,def,0.06,kg/kg
2006,CA,msw_paper,def,0.323,kg/kg
2006,US,msw_paper,def,0.143,kg/kg
2006,AU,msw_paper,def,0.13,kg/kg
2006,NZ,msw_paper,def,0.109,kg/kg
2006,CN,msw_wood,def,0.016,kg/kg
2006,JP,msw_wood,def,0.0,kg/kg
2006,MN,msw_wood,def,0.0,kg/kg
2006,KR,msw_wood,def,0.066,kg/kg
2006,ID,msw_wood,def,0.0,kg/kg
2006,LA,msw_wood,def,0.0,kg/kg
2006,MY,msw_wood,def,0.0,kg/kg
2006,MM,msw_wood,def,0.0,kg/kg
2006,PH,msw_wood,def,0.0,kg/kg
2006,SG,msw_wood,def,0.068,kg/kg
2006,TH,msw_wood,def,0.0,kg/kg
2006,VN,msw_wood,def,0.0,kg/kg
2006,BD,msw_wood,def,0.0,kg/kg
2006,IN,msw_wood,def,0.0,kg/kg
2006,NP,msw_wood,def,0.0,kg/kg
2006,LK,msw_wood,def,0.0,kg/kg
2006,CY,msw_wood,def,0.0,kg/kg
2006,JO,msw_wood,def,0.0,kg/kg
2006,OM,msw_wood,def,0.014,kg/kg
2006,SA,msw_wood,def,0.01,kg/kg
2006,PS,msw_wood,def,0.0,kg/kg
2006,TR,msw_wood,def,0.0,kg/kg
2006,AE,msw_wood,def,0.01,kg/kg
2006,TN,msw_wood,def,0.0,kg/kg
2006,KE,msw_wood,def,0.0,kg/kg
2006,MU,msw_wood,def,0.0,kg/kg
2006,TZ,msw_wood,def,0.024,kg/kg
2006,ZM,msw_wood,def,0.0,kg/kg
2006,ZW,msw_wood,def,0.0,kg/kg
2006,CM,msw_wood,def,0.0,kg/kg
2006,ZA,msw_wood,def,0.0,kg/kg
2006,GH,msw_wood,def,0.0,kg/kg
2006,ML,msw_wood,def,0.0,kg/kg
2006,NG,msw_wood,def,0.0,kg/kg
2006,BG,msw_wood,def,0.017,kg/kg
2006,CZ,msw_wood,def,0.13,kg/kg
2006,HU,msw_wood,def,0.0,kg/kg
2006,PL,msw_wood,def,0.006,kg/kg
2006,RO,msw_wood,def,0.017,kg/kg
2006,RU,msw_wood,def,0.015,kg/kg
2006,DK,msw_wood,def,0.0,kg/kg
2006,EE,msw_wood,def,0.03,kg/kg
2006,FI,msw_wood,def,0.022,kg/kg
2006,IS,msw_wood,def,0.03,kg/kg
2006,IE,msw_wood,def,0.0,kg/kg
2006,LV,msw_wood,def,0.021,kg/kg
2006,LT,msw_wood,def,0.012,kg/kg
2006,SE,msw_wood,def,0.01,kg/kg
2006,GB,msw_wood,def,0.053,kg/kg
2006,HR,msw_wood,def,0.01,kg/kg
2006,GR,msw_wood,def,0.01,kg/kg
2006,IT,msw_wood,def,0.0,kg/kg
2006,PT,msw_wood,def,0.007,kg/kg
2006,RS,msw_wood,def,0.0,kg/kg
2006,SI,msw_wood,def,0.056,kg/kg
2006,ES,msw_wood,def,0.0,kg/kg
2006,FR,msw_wood,def,0.04,kg/kg
2006,DE,msw_wood,def,0.0,kg/kg
2006,LU,msw_wood,def,0.05,kg/kg
2006,NL,msw_wood,def,0.0,kg/kg
2006,CH,msw_wood,def,0.018,kg/kg
2006,JM,msw_wood,def,0.01,kg/kg
2006,MX,msw_wood,def,0.0,kg/kg
2006,NI,msw_wood,def,0.0,kg/kg
2006,AR,msw_wood,def,0.0,kg/kg
2006,BR,msw_wood,def,0.0,kg/kg
2006,PE,msw_wood,def,0.0,kg/kg
2006,CA,msw_wood,def,0.0,kg/kg
2006,US,msw_wood,def,0.081,kg/kg
2006,AU,msw_wood,def,0.01,kg/kg
2006,NZ,msw_wood,def,0.119,kg/kg
2006,Southern Africa,msw_food,def,0.24,kg/kg
2006,Southern Africa,msw_garden,def,0.0,kg/kg
2006,Southern Africa,msw_paper,def,0.145,kg/kg
2006,Southern Africa,msw_wood,def,0.0,kg/kg
2006,CN,msw_food,min,0.4137,kg/kg
2006,JP,msw_food,min,0.182,kg/kg
2006,MN,msw_food,min,0.4956,kg/kg
2006,KR,msw_food,min,0.0364,kg/kg
2006,ID,msw_food,min,0.518,kg/kg
2006,LA,msw_food,min,0.3801,kg/kg
2006,MY,msw_food,min,0.2268,kg/kg
2006,MM,msw_food,min,0.56,kg/kg
2006,PH,msw_food,min,0.2912,kg/kg
2006,SG,msw_food,min,0.0707,kg/kg
2006,TH,msw_food,min,0.3402,kg/kg
2006,VN,msw_food,min,0.2989,kg/kg
2006,BD,msw_food,min,0.3843,kg/kg
2006,IN,msw_food,min,0.371,kg/kg
2006,NP,msw_food,min,0.56,kg/kg
2006,LK,msw_food,min,0.5348,kg/kg
2006,CY,msw_food,min,0.2394,kg/kg
2006,JO,msw_food,min,0.364,kg/kg
2006,OM,msw_food,min,0.0574,kg/kg
2006,SA,msw_food,min,0.336,kg/kg
2006,PS,msw_food,min,0.3962,kg/kg
2006,TR,msw_food,min,0.3409,kg/kg
2006,AE,msw_food,min,0.2478,kg/kg
2006,TN,msw_food,min,0.4508,kg/kg
2006,KE,msw_food,min,0.4508,kg/kg
2006,MU,msw_food,min,0.2058,kg/kg
2006,TZ,msw_food,min,0.3997,kg/kg
2006,ZM,msw_food,min,0.273,kg/kg
2006,ZW,msw_food,min,0.224,kg/kg
2006,CM,msw_food,min,0.1988,kg/kg
2006,ZA,msw_food,min,0.168,kg/kg
2006,GH,msw_food,min,0.511,kg/kg
2006,ML,msw_food,min,0.175,kg/kg
2006,NG,msw_food,min,0.4452,kg/kg
2006,BG,msw_food,min,0.1309,kg/kg
2006,CZ,msw_food,min,0.245,kg/kg
2006,HU,msw_food,min,0.203,kg/kg
2006,PL,msw_food,min,0.2513,kg/kg
2006,RO,msw_food,min,0.3045,kg/kg
2006,RU,msw_food,min,0.2114,kg/kg
2006,DK,msw_food,min,0.287,kg/kg
2006,EE,msw_food,min,0.182,kg/kg
2006,FI,msw_food,min,0.2457,kg/kg
2006,IS,msw_food,min,0.2884,kg/kg
2006,IE,msw_food,min,0.119,kg/kg
2006,LV,msw_food,min,0.0,kg/kg
2006,LT,msw_food,min,0.1785,kg/kg
2006,SE,msw_food,min,0.301,kg/kg
2006,GB,msw_food,min,0.1491,kg/kg
2006,HR,msw_food,min,0.2163,kg/kg
2006,GR,msw_food,min,0.3017,kg/kg
2006,IT,msw_food,min,0.0882,kg/kg
2006,PT,msw_food,min,0.2226,kg/kg
2006,RS,msw_food,min,0.3101,kg/kg
2006,SI,msw_food,min,0.2226,kg/kg
2006,ES,msw_food,min,0.3934,kg/kg
2006,FR,msw_food,min,0.1316,kg/kg
2006,DE,msw_food,min,0.4424,kg/kg
2006,LU,msw_food,min,0.3185,kg/kg
2006,NL,msw_food,min,0.245,kg/kg
2006,CH,msw_food,min,0.2205,kg/kg
2006,JM,msw_food,min,0.434,kg/kg
2006,MX,msw_food,min,0.3598,kg/kg
2006,NI,msw_food,min,0.5236,kg/kg
2006,AR,msw_food,min,0.2716,kg/kg
2006,BR,msw_food,min,0.3745,kg/kg
2006,PE,msw_food,min,0.49,kg/kg
2006,CA,msw_food,min,0.1316,kg/kg
2006,US,msw_food,min,0.1512,kg/kg
2006,AU,msw_food,min,0.245,kg/kg
2006,NZ,msw_food,min,0.1176,kg/kg
2006,TJ,msw_garden,min,0.0,kg/kg
2006,HK,msw_garden,min,0.0,kg/kg
2006,MO,msw_garden,min,0.0,kg/kg
2006,JP,msw_garden,min,0.0,kg/kg
2006,KR,msw_garden,min,0.0,kg/kg
2006,BN,msw_garden,min,0.0,kg/kg
2006,ID,msw_garden,min,0.0,kg/kg
2006,LA,msw_garden,min,0.0,kg/kg
2006,MY,msw_garden,min,0.0,kg/kg
2006,MM,msw_garden,min,0.0287,kg/kg
2006,PH,msw_garden,min,0.0,kg/kg
2006,SG,msw_garden,min,0.035,kg/kg
2006,TH,msw_garden,min,0.0,kg/kg
2006,BD,msw_garden,min,0.0,kg/kg
2006,IR,msw_garden,min,0.0,kg/kg
2006,NP,msw_garden,min,0.0,kg/kg
2006,AM,msw_garden,min,0.0917,kg/kg
2006,GE,msw_garden,min,0.0,kg/kg
2006,KW,msw_garden,min,0.0427,kg/kg
2006,OM,msw_garden,min,0.0,kg/kg
2006,QA,msw_garden,min,0.0,kg/kg
2006,PS,msw_garden,min,0.0476,kg/kg
2006,SY,msw_garden,min,0.0,kg/kg
2006,MA,msw_garden,min,0.0,kg/kg
2006,ER,msw_garden,min,0.0,kg/kg
2006,MG,msw_garden,min,0.2429,kg/kg
2006,SC,msw_garden,min,0.0,kg/kg
2006,UG,msw_garden,min,0.0,kg/kg
2006,TZ,msw_garden,min,0.0,kg/kg
2006,ZW,msw_garden,min,0.0,kg/kg
2006,LS,msw_garden,min,0.0,kg/kg
2006,CI,msw_garden,min,0.0,kg/kg
2006,GM,msw_garden,min,0.0,kg/kg
2006,MR,msw_garden,min,0.0,kg/kg
2006,TG,msw_garden,min,0.07,kg/kg
2006,BY,msw_garden,min,0.0,kg/kg
2006,BG,msw_garden,min,0.0,kg/kg
2006,CZ,msw_garden,min,0.0021,kg/kg
2006,HU,msw_garden,min,0.0371,kg/kg
2006,PL,msw_garden,min,0.0,kg/kg
2006,RU,msw_garden,min,0.0287,kg/kg
2006,SK,msw_garden,min,0.084,kg/kg
2006,DK,msw_garden,min,0.0616,kg/kg
2006,EE,msw_garden,min,0.0098,kg/kg
2006,FI,msw_garden,min,0.0315,kg/kg
2006,IS,msw_garden,min,0.0,kg/kg
2006,IE,msw_garden,min,0.0,kg/kg
2006,LT,msw_garden,min,0.07,kg/kg
2006,NO,msw_garden,min,0.0245,kg/kg
2006,GB,msw_garden,min,0.0399,kg/kg
2006,BA,msw_garden,min,0.0,kg/kg
2006,HR,msw_garden,min,0.0,kg/kg
2006,MT,msw_garden,min,0.0,kg/kg
2006,ME,msw_garden,min,0.0,kg/kg
2006,PT,msw_garden,min,0.014,kg/kg
2006,RS,msw_garden,min,0.0126,kg/kg
2006,AT,msw_garden,min,0.028,kg/kg
2006,BE,msw_garden,min,0.0,kg/kg
2006,FR,msw_garden,min,0.035,kg/kg
2006,DE,msw_garden,min,0.0,kg/kg
2006,LU,msw_garden,min,0.0119,kg/kg
2006,GP,msw_garden,min,0.0,kg/kg
2006,GT,msw_garden,min,0.0,kg/kg
2006,HN,msw_garden,min,0.0,kg/kg
2006,NI,msw_garden,min,0.07,kg/kg
2006,AR,msw_garden,min,0.0,kg/kg
2006,GY,msw_garden,min,0.0,kg/kg
2006,VE,msw_garden,min,0.0392,kg/kg
2006,BM,msw_garden,min,0.0553,kg/kg
2006,CA,msw_garden,min,0.1155,kg/kg
2006,US,msw_garden,min,0.0553,kg/kg
2006,CN,msw_paper,min,0.0595,kg/kg
2006,JP,msw_paper,min,0.322,kg/kg
2006,MN,msw_paper,min,0.0301,kg/kg
2006,KR,msw_paper,min,0.1582,kg/kg
2006,ID,msw_paper,min,0.07,kg/kg
2006,LA,msw_paper,min,0.0231,kg/kg
2006,MY,msw_paper,min,0.14,kg/kg
2006,MM,msw_paper,min,0.028,kg/kg
2006,PH,msw_paper,min,0.1365,kg/kg
2006,SG,msw_paper,min,0.1057,kg/kg
2006,TH,msw_paper,min,0.1022,kg/kg
2006,VN,msw_paper,min,0.0749,kg/kg
2006,BD,msw_paper,min,0.0882,kg/kg
2006,IN,msw_paper,min,0.0448,kg/kg
2006,NP,msw_paper,min,0.049,kg/kg
2006,LK,msw_paper,min,0.0742,kg/kg
2006,CY,msw_paper,min,0.1575,kg/kg
2006,JO,msw_paper,min,0.091,kg/kg
2006,OM,msw_paper,min,0.1358,kg/kg
2006,SA,msw_paper,min,0.147,kg/kg
2006,PS,msw_paper,min,0.0511,kg/kg
2006,TR,msw_paper,min,0.0567,kg/kg
2006,AE,msw_paper,min,0.1701,kg/kg
2006,TN,msw_paper,min,0.0623,kg/kg
2006,KE,msw_paper,min,0.0413,kg/kg
2006,MU,msw_paper,min,0.0987,kg/kg
2006,TZ,msw_paper,min,0.0763,kg/kg
2006,ZM,msw_paper,min,0.021,kg/kg
2006,ZW,msw_paper,min,0.126,kg/kg
2006,CM,msw_paper,min,0.056,kg/kg
2006,ZA,msw_paper,min,0.1015,kg/kg
2006,GH,msw_paper,min,0.056,kg/kg
2006,ML,msw_paper,min,0.0336,kg/kg
2006,NG,msw_paper,min,0.0679,kg/kg
2006,BG,msw_paper,min,0.0938,kg/kg
2006,CZ,msw_paper,min,0.112,kg/kg
2006,HU,msw_paper,min,0.105,kg/kg
2006,PL,msw_paper,min,0.1029,kg/kg
2006,RO,msw_paper,min,0.0721,kg/kg
2006,RU,msw_paper,min,0.2975,kg/kg
2006,DK,msw_paper,min,0.1624,kg/kg
2006,EE,msw_paper,min,0.14,kg/kg
2006,FI,msw_paper,min,0.1456,kg/kg
2006,IS,msw_paper,min,0.0721,kg/kg
2006,IE,msw_paper,min,0.1386,kg/kg
2006,LV,msw_paper,min,0.0448,kg/kg
2006,LT,msw_paper,min,0.0399,kg/kg
2006,SE,msw_paper,min,0.07,kg/kg
2006,GB,msw_paper,min,0.1281,kg/kg
2006,HR,msw_paper,min,0.1624,kg/kg
2006,GR,msw_paper,min,0.1582,kg/kg
2006,IT,msw_paper,min,0.2744,kg/kg
2006,PT,msw_paper,min,0.07,kg/kg
2006,RS,msw_paper,min,0.091,kg/kg
2006,SI,msw_paper,min,0.1582,kg/kg
2006,ES,msw_paper,min,0.133,kg/kg
2006,FR,msw_paper,min,0.1043,kg/kg
2006,DE,msw_paper,min,0.1085,kg/kg
2006,LU,msw_paper,min,0.0623,kg/kg
2006,NL,msw_paper,min,0.182,kg/kg
2006,CH,msw_paper,min,0.1204,kg/kg
2006,JM,msw_paper,min,0.105,kg/kg
2006,MX,msw_paper,min,0.0952,kg/kg
2006,NI,msw_paper,min,0.0637,kg/kg
2006,AR,msw_paper,min,0.0959,kg/kg
2006,BR,msw_paper,min,0.1232,kg/kg
2006,PE,msw_paper,min,0.042,kg/kg
2006,CA,msw_paper,min,0.2261,kg/kg
2006,US,msw_paper,min,0.1001,kg/kg
2006,AU,msw_paper,min,0.091,kg/kg
2006,NZ,msw_paper,min,0.0763,kg/kg
2006,CN,msw_wood,min,0.0112,kg/kg
2006,JP,msw_wood,min,0.0,kg/kg
2006,MN,msw_wood,min,0.0,kg/kg
2006,KR,msw_wood,min,0.0462,kg/kg
2006,ID,msw_wood,min,0.0,kg/kg
2006,LA,msw_wood,min,0.0,kg/kg
2006,MY,msw_wood,min,0.0,kg/kg
2006,MM,msw_wood,min,0.0,kg/kg
2006,PH,msw_wood,min,0.0,kg/kg
2006,SG,msw_wood,min,0.0476,kg/kg
2006,TH,msw_wood,min,0.0,kg/kg
2006,VN,msw_wood,min,0.0,kg/kg
2006,BD,msw_wood,min,0.0,kg/kg
2006,IN,msw_wood,min,0.0,kg/kg
2006,NP,msw_wood,min,0.0,kg/kg
2006,LK,msw_wood,min,0.0,kg/kg
2006,CY,msw_wood,min,0.0,kg/kg
2006,JO,msw_wood,min,0.0,kg/kg
2006,OM,msw_wood,min,0.0098,kg/kg
2006,SA,msw_wood,min,0.007,kg/kg
2006,PS,msw_wood,min,0.0,kg/kg
2006,TR,msw_wood,min,0.0,kg/kg
2006,AE,msw_wood,min,0.007,kg/kg
2006,TN,msw_wood,min,0.0,kg/kg
2006,KE,msw_wood,min,0.0,kg/kg
2006,MU,msw_wood,min,0.0,kg/kg
2006,TZ,msw_wood,min,0.0168,kg/kg
2006,ZM,msw_wood,min,0.0,kg/kg
2006,ZW,msw_wood,min,0.0,kg/kg
2006,CM,msw_wood,min,0.0,kg/kg
2006,ZA,msw_wood,min,0.0,kg/kg
2006,GH,msw_wood,min,0.0,kg/kg
2006,ML,msw_wood,min,0.0,kg/kg
2006,NG,msw_wood,min,0.0,kg/kg
2006,BG,msw_wood,min,0.0119,kg/kg
2006,CZ,msw_wood,min,0.091,kg/kg
2006,HU,msw_wood,min,0.0,kg/kg
2006,PL,msw_wood,min,0.0042,kg/kg
2006,RO,msw_wood,min,0.0119,kg/kg
2006,RU,msw_wood,min,0.0105,kg/kg
2006,DK,msw_wood,min,0.0,kg/kg
2006,EE,msw_wood,min,0.021,kg/kg
2006,FI,msw_wood,min,0.0154,kg/kg
2006,IS,msw_wood,min,0.021,kg/kg
2006,IE,msw_wood,min,0.0,kg/kg
2006,LV,msw_wood,min,0.0147,kg/kg
2006,LT,msw_wood,min,0.0084,kg/kg
2006,SE,msw_wood,min,0.007,kg/kg
2006,GB,msw_wood,min,0.0371,kg/kg
2006,HR,msw_wood,min,0.007,kg/kg
2006,GR,msw_wood,min,0.007,kg/kg
2006,IT,msw_wood,min,0.0,kg/kg
2006,PT,msw_wood,min,0.0049,kg/kg
2006,RS,msw_wood,min,0.0,kg/kg
2006,SI,msw_wood,min,0.0392,kg/kg
2006,ES,msw_wood,min,0.0,kg/kg
2006,FR,msw_wood,min,0.028,kg/kg
2006,DE,msw_wood,min,0.0,kg/kg
2006,LU,msw_wood,min,0.035,kg/kg
2006,NL,msw_wood,min,0.0,kg/kg
2006,CH,msw_wood,min,0.0126,kg/kg
2006,JM,msw_wood,min,0.007,kg/kg
2006,MX,msw_wood,min,0.0,kg/kg
2006,NI,msw_wood,min,0.0,kg/kg
2006,AR,msw_wood,min,0.0,kg/kg
2006,BR,msw_wood,min,0.0,kg/kg
2006,PE,msw_wood,min,0.0,kg/kg
2006,CA,msw_wood,min,0.0,kg/kg
2006,US,msw_wood,min,0.0567,kg/kg
2006,AU,msw_wood,min,0.007,kg/kg
2006,NZ,msw_wood,min,0.0833,kg/kg
2006,Southern Africa,msw_food,min,0.168,kg/kg
2006,Southern Africa,msw_garden,min,0.0,kg/kg
2006,Southern Africa,msw_paper,min,0.1015,kg/kg
2006,Southern Africa,msw_wood,min,0.0,kg/kg
2006,CN,msw_food,max,0.7683,kg/kg
2006,JP,msw_food,max,0.338,kg/kg
2006,MN,msw_food,max,0.9204,kg/kg
2006,KR,msw_food,max,0.0676,kg/kg
2006,ID,msw_food,max,0.962,kg/kg
2006,LA,msw_food,max,0.7059,kg/kg
2006,MY,msw_food,max,0.4212,kg/kg
2006,MM,msw_food,max,1.04,kg/kg
2006,PH,msw_food,max,0.5408,kg/kg
2006,SG,msw_food,max,0.1313,kg/kg
2006,TH,msw_food,max,0.6318,kg/kg
2006,VN,msw_food,max,0.5551,kg/kg
2006,BD,msw_food,max,0.7137,kg/kg
2006,IN,msw_food,max,0.689,kg/kg
2006,NP,msw_food,max,1.04,kg/kg
2006,LK,msw_food,max,0.9932,kg/kg
2006,CY,msw_food,max,0.4446,kg/kg
2006,JO,msw_food,max,0.676,kg/kg
2006,OM,msw_food,max,0.1066,kg/kg
2006,SA,msw_food,max,0.624,kg/kg
2006,PS,msw_food,max,0.7358,kg/kg
2006,TR,msw_food,max,0.6331,kg/kg
2006,AE,msw_food,max,0.4602,kg/kg
2006,TN,msw_food,max,0.8372,kg/kg
2006,KE,msw_food,max,0.8372,kg/kg
2006,MU,msw_food,max,0.3822,kg/kg
2006,TZ,msw_food,max,0.7423,kg/kg
2006,ZM,msw_food,max,0.507,kg/kg
2006,ZW,msw_food,max,0.416,kg/kg
2006,CM,msw_food,max,0.3692,kg/kg
2006,ZA,msw_food,max,0.312,kg/kg
2006,GH,msw_food,max,0.949,kg/kg
2006,ML,msw_food,max,0.325,kg/kg
2006,NG,msw_food,max,0.8268,kg/kg
2006,BG,msw_food,max,0.2431,kg/kg
2006,CZ,msw_food,max,0.455,kg/kg
2006,HU,msw_food,max,0.377,kg/kg
2006,PL,msw_food,max,0.4667,kg/kg
2006,RO,msw_food,max,0.5655,kg/kg
2006,RU,msw_food,max,0.3926,kg/kg
2006,DK,msw_food,max,0.533,kg/kg
2006,EE,msw_food,max,0.338,kg/kg
2006,FI,msw_food,max,0.4563,kg/kg
2006,IS,msw_food,max,0.5356,kg/kg
2006,IE,msw_food,max,0.221,kg/kg
2006,LV,msw_food,max,0.0,kg/kg
2006,LT,msw_food,max,0.3315,kg/kg
2006,SE,msw_food,max,0.559,kg/kg
2006,GB,msw_food,max,0.2769,kg/kg
2006,HR,msw_food,max,0.4017,kg/kg
2006,GR,msw_food,max,0.5603,kg/kg
2006,IT,msw_food,max,0.1638,kg/kg
2006,PT,msw_food,max,0.4134,kg/kg
2006,RS,msw_food,max,0.5759,kg/kg
2006,SI,msw_food,max,0.4134,kg/kg
2006,ES,msw_food,max,0.7306,kg/kg
2006,FR,msw_food,max,0.2444,kg/kg
2006,DE,msw_food,max,0.8216,kg/kg
2006,LU,msw_food,max,0.5915,kg/kg
2006,NL,msw_food,max,0.455,kg/kg
2006,CH,msw_food,max,0.4095,kg/kg
2006,JM,msw_food,max,0.806,kg/kg
2006,MX,msw_food,max,0.6682,kg/kg
2006,NI,msw_food,max,0.9724,kg/kg
2006,AR,msw_food,max,0.5044,kg/kg
2006,BR,msw_food,max,0.6955,kg/kg
2006,PE,msw_food,max,0.91,kg/kg
2006,CA,msw_food,max,0.2444,kg/kg
2006,US,msw_food,max,0.2808,kg/kg
2006,AU,msw_food,max,0.455,kg/kg
2006,NZ,msw_food,max,0.2184,kg/kg
2006,TJ,msw_garden,max,0.0,kg/kg
2006,HK,msw_garden,max,0.0,kg/kg
2006,MO,msw_garden,max,0.0,kg/kg
2006,JP,msw_garden,max,0.0,kg/kg
2006,KR,msw_garden,max,0.0,kg/kg
2006,BN,msw_garden,max,0.0,kg/kg
2006,ID,msw_garden,max,0.0,kg/kg
2006,LA,msw_garden,max,0.0,kg/kg
2006,MY,msw_garden,max,0.0,kg/kg
2006,MM,msw_garden,max,0.0533,kg/kg
2006,PH,msw_garden,max,0.0,kg/kg
2006,SG,msw_garden,max,0.065,kg/kg
2006,TH,msw_garden,max,0.0,kg/kg
2006,BD,msw_garden,max,0.0,kg/kg
2006,IR,msw_garden,max,0.0,kg/kg
2006,NP,msw_garden,max,0.0,kg/kg
2006,AM,msw_garden,max,0.1703,kg/kg
2006,GE,msw_garden,max,0.0,kg/kg
2006,KW,msw_garden,max,0.0793,kg/kg
2006,OM,msw_garden,max,0.0,kg/kg
2006,QA,msw_garden,max,0.0,kg/kg
2006,PS,msw_garden,max,0.0884,kg/kg
2006,SY,msw_garden,max,0.0,kg/kg
2006,MA,msw_garden,max,0.0,kg/kg
2006,ER,msw_garden,max,0.0,kg/kg
2006,MG,msw_garden,max,0.4511,kg/kg
2006,SC,msw_garden,max,0.0,kg/kg
2006,UG,msw_garden,max,0.0,kg/kg
2006,TZ,msw_garden,max,0.0,kg/kg
2006,ZW,msw_garden,max,0.0,kg/kg
2006,LS,msw_garden,max,0.0,kg/kg
2006,CI,msw_garden,max,0.0,kg/kg
2006,GM,msw_garden,max,0.0,kg/kg
2006,MR,msw_garden,max,0.0,kg/kg
2006,TG,msw_garden,max,0.13,kg/kg
2006,BY,msw_garden,max,0.0,kg/kg
2006,BG,msw_garden,max,0.0,kg/kg
2006,CZ,msw_garden,max,0.0039,kg/kg
2006,HU,msw_garden,max,0.0689,kg/kg
2006,PL,msw_garden,max,0.0,kg/kg
2006,RU,msw_garden,max,0.0533,kg/kg
2006,SK,msw_garden,max,0.156,kg/kg
2006,DK,msw_garden,max,0.1144,kg/kg
2006,EE,msw_garden,max,0.0182,kg/kg
2006,FI,msw_garden,max,0.0585,kg/kg
2006,IS,msw_garden,max,0.0,kg/kg
2006,IE,msw_garden,max,0.0,kg/kg
2006,LT,msw_garden,max,0.13,kg/kg
2006,NO,msw_garden,max,0.0455,kg/kg
2006,GB,msw_garden,max,0.0741,kg/kg
2006,BA,msw_garden,max,0.0,kg/kg
2006,HR,msw_garden,max,0.0,kg/kg
2006,MT,msw_garden,max,0.0,kg/kg
2006,ME,msw_garden,max,0.0,kg/kg
2006,PT,msw_garden,max,0.026,kg/kg
2006,RS,msw_garden,max,0.0234,kg/kg
2006,AT,msw_garden,max,0.052,kg/kg
2006,BE,msw_garden,max,0.0,kg/kg
2006,FR,msw_garden,max,0.065,kg/kg
2006,DE,msw_garden,max,0.0,kg/kg
2006,LU,msw_garden,max,0.0221,kg/kg
2006,GP,msw_garden,max,0.0,kg/kg
2006,GT,msw_garden,max,0.0,kg/kg
2006,HN,msw_garden,max,0.0,kg/kg
2006,NI,msw_garden,max,0.13,kg/kg
2006,AR,msw_garden,max,0.0,kg/kg
2006,GY,msw_garden,max,0.0,kg/kg
2006,VE,msw_garden,max,0.0728,kg/kg
2006,BM,msw_garden,max,0.1027,kg/kg
2006,CA,msw_garden,max,0.2145,kg/kg
2006,US,msw_garden,max,0.1027,kg/kg
2006,CN,msw_paper,max,0.1105,kg/kg
2006,JP,msw_paper,max,0.598,kg/kg
2006,MN,msw_paper,max,0.0559,kg/kg
2006,KR,msw_paper,max,0.2938,kg/kg
2006,ID,msw_paper,max,0.13,kg/kg
2006,LA,msw_paper,max,0.0429,kg/kg
2006,MY,msw_paper,max,0.26,kg/kg
2006,MM,msw_paper,max,0.052,kg/kg
2006,PH,msw_paper,max,0.2535,kg/kg
2006,SG,msw_paper,max,0.1963,kg/kg
2006,TH,msw_paper,max,0.1898,kg/kg
2006,VN,msw_paper,max,0.1391,kg/kg
2006,BD,msw_paper,max,0.1638,kg/kg
2006,IN,msw_paper,max,0.0832,kg/kg
2006,NP,msw_paper,max,0.091,kg/kg
2006,LK,msw_paper,max,0.1378,kg/kg
2006,CY,msw_paper,max,0.2925,kg/kg
2006,JO,msw_paper,max,0.169,kg/kg
2006,OM,msw_paper,max,0.2522,kg/kg
2006,SA,msw_paper,max,0.273,kg/kg
2006,PS,msw_paper,max,0.0949,kg/kg
2006,TR,msw_paper,max,0.1053,kg/kg
2006,AE,msw_paper,max,0.3159,kg/kg
2006,TN,msw_paper,max,0.1157,kg/kg
2006,KE,msw_paper,max,0.0767,kg/kg
2006,MU,msw_paper,max,0.1833,kg/kg
2006,TZ,msw_paper,max,0.1417,kg/kg
2006,ZM,msw_paper,max,0.039,kg/kg
2006,ZW,msw_paper,max,0.234,kg/kg
2006,CM,msw_paper,max,0.104,kg/kg
2006,ZA,msw_paper,max,0.1885,kg/kg
2006,GH,msw_paper,max,0.104,kg/kg
2006,ML,msw_paper,max,0.0624,kg/kg
2006,NG,msw_paper,max,0.1261,kg/kg
2006,BG,msw_paper,max,0.1742,kg/kg
2006,CZ,msw_paper,max,0.208,kg/kg
2006,HU,msw_paper,max,0.195,kg/kg
2006,PL,msw_paper,max,0.1911,kg/kg
2006,RO,msw_paper,max,0.1339,kg/kg
2006,RU,msw_paper,max,0.5525,kg/kg
2006,DK,msw_paper,max,0.3016,kg/kg
2006,EE,msw_paper,max,0.26,kg/kg
2006,FI,msw_paper,max,0.2704,kg/kg
2006,IS,msw_paper,max,0.1339,kg/kg
2006,IE,msw_paper,max,0.2574,kg/kg
2006,LV,msw_paper,max,0.0832,kg/kg
2006,LT,msw_paper,max,0.0741,kg/kg
2006,SE,msw_paper,max,0.13,kg/kg
2006,GB,msw_paper,max,0.2379,kg/kg
2006,HR,msw_paper,max,0.3016,kg/kg
2006,GR,msw_paper,max,0.2938,kg/kg
2006,IT,msw_paper,max,0.5096,kg/kg
2006,PT,msw_paper,max,0.13,kg/kg
2006,RS,msw_paper,max,0.169,kg/kg
2006,SI,msw_paper,max,0.2938,kg/kg
2006,ES,msw_paper,max,0.247,kg/kg
2006,FR,msw_paper,max,0.1937,kg/kg
2006,DE,msw_paper,max,0.2015,kg/kg
2006,LU,msw_paper,max,0.1157,kg/kg
2006,NL,msw_paper,max,0.338,kg/kg
2006,CH,msw_paper,max,0.2236,kg/kg
2006,JM,msw_paper,max,0.195,kg/kg
2006,MX,msw_paper,max,0.1768,kg/kg
2006,NI,msw_paper,max,0.1183,kg/kg
2006,AR,msw_paper,max,0.1781,kg/kg
2006,BR,msw_paper,max,0.2288,kg/kg
2006,PE,msw_paper,max,0.078,kg/kg
2006,CA,msw_paper,max,0.4199,kg/kg
2006,US,msw_paper,max,0.1859,kg/kg
2006,AU,msw_paper,max,0.169,kg/kg
2006,NZ,msw_paper,max,0.1417,kg/kg
2006,CN,msw_wood,max,0.0208,kg/kg
2006,JP,msw_wood,max,0.0,kg/kg
2006,MN,msw_wood,max,0.0,kg/kg
2006,KR,msw_wood,max,0.0858,kg/kg
2006,ID,msw_wood,max,0.0,kg/kg
2006,LA,msw_wood,max,0.0,kg/kg
2006,MY,msw_wood,max,0.0,kg/kg
2006,MM,msw_wood,max,0.0,kg/kg
2006,PH,msw_wood,max,0.0,kg/kg
2006,SG,msw_wood,max,0.0884,kg/kg
2006,TH,msw_wood,max,0.0,kg/kg
2006,VN,msw_wood,max,0.0,kg/kg
2006,BD,msw_wood,max,0.0,kg/kg
2006,IN,msw_wood,max,0.0,kg/kg
2006,NP,msw_wood,max,0.0,kg/kg
2006,LK,msw_wood,max,0.0,kg/kg
2006,CY,msw_wood,max,0.0,kg/kg
2006,JO,msw_wood,max,0.0,kg/kg
2006,OM,msw_wood,max,0.0182,kg/kg
2006,SA,msw_wood,max,0.013,kg/kg
2006,PS,msw_wood,max,0.0,kg/kg
2006,TR,msw_wood,max,0.0,kg/kg
2006,AE,msw_wood,max,0.013,kg/kg
2006,TN,msw_wood,max,0.0,kg/kg
2006,KE,msw_wood,max,0.0,kg/kg
2006,MU,msw_wood,max,0.0,kg/kg
2006,TZ,msw_wood,max,0.0312,kg/kg
2006,ZM,msw_wood,max,0.0,kg/kg
2006,ZW,msw_wood,max,0.0,kg/kg
2006,CM,msw_wood,max,0.0,kg/kg
2006,ZA,msw_wood,max,0.0,kg/kg
2006,GH,msw_wood,max,0.0,kg/kg
2006,ML,msw_wood,max,0.0,kg/kg
2006,NG,msw_wood,max,0.0,kg/kg
2006,BG,msw_wood,max,0.0221,kg/kg
2006,CZ,msw_wood,max,0.169,kg/kg
2006,HU,msw_wood,max,0.0,kg/kg
2006,PL,msw_wood,max,0.0078,kg/kg
2006,RO,msw_wood,max,0.0221,kg/kg
2006,RU,msw_wood,max,0.0195,kg/kg
2006,DK,msw_wood,max,0.0,kg/kg
2006,EE,msw_wood,max,0.039,kg/kg
2006,FI,msw_wood,max,0.0286,kg/kg
2006,IS,msw_wood,max,0.039,kg/kg
2006,IE,msw_wood,max,0.0,kg/kg
2006,LV,msw_wood,max,0.0273,kg/kg
2006,LT,msw_wood,max,0.0156,kg/kg
2006,SE,msw_wood,max,0.013,kg/kg
2006,GB,msw_wood,max,0.0689,kg/kg
2006,HR,msw_wood,max,0.013,kg/kg
2006,GR,msw_wood,max,0.013,kg/kg
2006,IT,msw_wood,max,0.0,kg/kg
2006,PT,msw_wood,max,0.0091,kg/kg
2006,RS,msw_wood,max,0.0,kg/kg
2006,SI,msw_wood,max,0.0728,kg/kg
2006,ES,msw_wood,max,0.0,kg/kg
2006,FR,msw_wood,max,0.052,kg/kg
2006,DE,msw_wood,max,0.0,kg/kg
2006,LU,msw_wood,max,0.065,kg/kg
2006,NL,msw_wood,max,0.0,kg/kg
2006,CH,msw_wood,max,0.0234,kg/kg
2006,JM,msw_wood,max,0.013,kg/kg
2006,MX,msw_wood,max,0.0,kg/kg
2006,NI,msw_wood,max,0.0,kg/kg
2006,AR,msw_wood,max,0.0,kg/kg
2006,BR,msw_wood,max,0.0,kg/kg
2006,PE,msw_wood,max,0.0,kg/kg
2006,CA,msw_wood,max,0.0,kg/kg
2006,US,msw_wood,max,0.1053,kg/kg
2006,AU,msw_wood,max,0.013,kg/kg
2006,NZ,msw_wood,max,0.1547,kg/kg
2006,Southern Africa,msw_food,max,0.312,kg/kg
2006,Southern Africa,msw_garden,max,0.0,kg/kg
2006,Southern Africa,msw_paper,max,0.1885,kg/kg
2006,Southern Africa,msw_wood,max,0.0,kg/kg
2006,CN,msw_food,abs_min,0.0,kg/kg
2006,JP,msw_food,abs_min,0.0,kg/kg
2006,MN,msw_food,abs_min,0.0,kg/kg
2006,KR,msw_food,abs_min,0.0,kg/kg
2006,ID,msw_food,abs_min,0.0,kg/kg
2006,LA,msw_food,abs_min,0.0,kg/kg
2006,MY,msw_food,abs_min,0.0,kg/kg
2006,MM,msw_food,abs_min,0.0,kg/kg
2006,PH,msw_food,abs_min,0.0,kg/kg
2006,SG,msw_food,abs_min,0.0,kg/kg
2006,TH,msw_food,abs_min,0.0,kg/kg
2006,VN,msw_food,abs_min,0.0,kg/kg
2006,BD,msw_food,abs_min,0.0,kg/kg
2006,IN,msw_food,abs_min,0.0,kg/kg
2006,NP,msw_food,abs_min,0.0,kg/kg
2006,LK,msw_food,abs_min,0.0,kg/kg
2006,CY,msw_food,abs_min,0.0,kg/kg
2006,JO,msw_food,abs_min,0.0,kg/kg
2006,OM,msw_food,abs_min,0.0,kg/kg
2006,SA,msw_food,abs_min,0.0,kg/kg
2006,PS,msw_food,abs_min,0.0,kg/kg
2006,TR,msw_food,abs_min,0.0,kg/kg
2006,AE,msw_food,abs_min,0.0,kg/kg
2006,TN,msw_food,abs_min,0.0,kg/kg
2006,KE,msw_food,abs_min,0.0,kg/kg
2006,MU,msw_food,abs_min,0.0,kg/kg
2006,TZ,msw_food,abs_min,0.0,kg/kg
2006,ZM,msw_food,abs_min,0.0,kg/kg
2006,ZW,msw_food,abs_min,0.0,kg/kg
2006,CM,msw_food,abs_min,0.0,kg/kg
2006,ZA,msw_food,abs_min,0.0,kg/kg
2006,GH,msw_food,abs_min,0.0,kg/kg
2006,ML,msw_food,abs_min,0.0,kg/kg
2006,NG,msw_food,abs_min,0.0,kg/kg
2006,BG,msw_food,abs_min,0.0,kg/kg
2006,CZ,msw_food,abs_min,0.0,kg/kg
2006,HU,msw_food,abs_min,0.0,kg/kg
2006,PL,msw_food,abs_min,0.0,kg/kg
2006,RO,msw_food,abs_min,0.0,kg/kg
2006,RU,msw_food,abs_min,0.0,kg/kg
2006,DK,msw_food,abs_min,0.0,kg/kg
2006,EE,msw_food,abs_min,0.0,kg/kg
2006,FI,msw_food,abs_min,0.0,kg/kg
2006,IS,msw_food,abs_min,0.0,kg/kg
2006,IE,msw_food,abs_min,0.0,kg/kg
2006,LV,msw_food,abs_min,0.0,kg/kg
2006,LT,msw_food,abs_min,0.0,kg/kg
2006,SE,msw_food,abs_min,0.0,kg/kg
2006,GB,msw_food,abs_min,0.0,kg/kg
2006,HR,msw_food,abs_min,0.0,kg/kg
2006,GR,msw_food,abs_min,0.0,kg/kg
2006,IT,msw_food,abs_min,0.0,kg/kg
2006,PT,msw_food,abs_min,0.0,kg/kg
2006,RS,msw_food,abs_min,0.0,kg/kg
2006,SI,msw_food,abs_min,0.0,kg/kg
2006,ES,msw_food,abs_min,0.0,kg/kg
2006,FR,msw_food,abs_min,0.0,kg/kg
2006,DE,msw_food,abs_min,0.0,kg/kg
2006,LU,msw_food,abs_min,0.0,kg/kg
2006,NL,msw_food,abs_min,0.0,kg/kg
2006,CH,msw_food,abs_min,0.0,kg/kg
2006,JM,msw_food,abs_min,0.0,kg/kg
2006,MX,msw_food,abs_min,0.0,kg/kg
2006,NI,msw_food,abs_min,0.0,kg/kg
2006,AR,msw_food,abs_min,0.0,kg/kg
2006,BR,msw_food,abs_min,0.0,kg/kg
2006,PE,msw_food,abs_min,0.0,kg/kg
2006,CA,msw_food,abs_min,0.0,kg/kg
2006,US,msw_food,abs_min,0.0,kg/kg
2006,AU,msw_food,abs_min,0.0,kg/kg
2006,NZ,msw_food,abs_min,0.0,kg/kg
2006,TJ,msw_garden,abs_min,0.0,kg/kg
2006,HK,msw_garden,abs_min,0.0,kg/kg
2006,MO,msw_garden,abs_min,0.0,kg/kg
2006,JP,msw_garden,abs_min,0.0,kg/kg
2006,KR,msw_garden,abs_min,0.0,kg/kg
2006,BN,msw_garden,abs_min,0.0,kg/kg
2006,ID,msw_garden,abs_min,0.0,kg/kg
2006,LA,msw_garden,abs_min,0.0,kg/kg
2006,MY,msw_garden,abs_min,0.0,kg/kg
2006,MM,msw_garden,abs_min,0.0,kg/kg
2006,PH,msw_garden,abs_min,0.0,kg/kg
2006,SG,msw_garden,abs_min,0.0,kg/kg
2006,TH,msw_garden,abs_min,0.0,kg/kg
2006,BD,msw_garden,abs_min,0.0,kg/kg
2006,IR,msw_garden,abs_min,0.0,kg/kg
2006,NP,msw_garden,abs_min,0.0,kg/kg
2006,AM,msw_garden,abs_min,0.0,kg/kg
2006,GE,msw_garden,abs_min,0.0,kg/kg
2006,KW,msw_garden,abs_min,0.0,kg/kg
2006,OM,msw_garden,abs_min,0.0,kg/kg
2006,QA,msw_garden,abs_min,0.0,kg/kg
2006,PS,msw_garden,abs_min,0.0,kg/kg
2006,SY,msw_garden,abs_min,0.0,kg/kg
2006,MA,msw_garden,abs_min,0.0,kg/kg
2006,ER,msw_garden,abs_min,0.0,kg/kg
2006,MG,msw_garden,abs_min,0.0,kg/kg
2006,SC,msw_garden,abs_min,0.0,kg/kg
2006,UG,msw_garden,abs_min,0.0,kg/kg
2006,TZ,msw_garden,abs_min,0.0,kg/kg
2006,ZW,msw_garden,abs_min,0.0,kg/kg
2006,LS,msw_garden,abs_min,0.0,kg/kg
2006,CI,msw_garden,abs_min,0.0,kg/kg
2006,GM,msw_garden,abs_min,0.0,kg/kg
2006,MR,msw_garden,abs_min,0.0,kg/kg
2006,TG,msw_garden,abs_min,0.0,kg/kg
2006,BY,msw_garden,abs_min,0.0,kg/kg
2006,BG,msw_garden,abs_min,0.0,kg/kg
2006,CZ,msw_garden,abs_min,0.0,kg/kg
2006,HU,msw_garden,abs_min,0.0,kg/kg
2006,PL,msw_garden,abs_min,0.0,kg/kg
2006,RU,msw_garden,abs_min,0.0,kg/kg
2006,SK,msw_garden,abs_min,0.0,kg/kg
2006,DK,msw_garden,abs_min,0.0,kg/kg
2006,EE,msw_garden,abs_min,0.0,kg/kg
2006,FI,msw_garden,abs_min,0.0,kg/kg
2006,IS,msw_garden,abs_min,0.0,kg/kg
2006,IE,msw_garden,abs_min,0.0,kg/kg
2006,LT,msw_garden,abs_min,0.0,kg/kg
2006,NO,msw_garden,abs_min,0.0,kg/kg
2006,GB,msw_garden,abs_min,0.0,kg/kg
2006,BA,msw_garden,abs_min,0.0,kg/kg
2006,HR,msw_garden,abs_min,0.0,kg/kg
2006,MT,msw_garden,abs_min,0.0,kg/kg
2006,ME,msw_garden,abs_min,0.0,kg/kg
2006,PT,msw_garden,abs_min,0.0,kg/kg
2006,RS,msw_garden,abs_min,0.0,kg/kg
2006,AT,msw_garden,abs_min,0.0,kg/kg
2006,BE,msw_garden,abs_min,0.0,kg/kg
2006,FR,msw_garden,abs_min,0.0,kg/kg
2006,DE,msw_garden,abs_min,0.0,kg/kg
2006,LU,msw_garden,abs_min,0.0,kg/kg
2006,GP,msw_garden,abs_min,0.0,kg/kg
2006,GT,msw_garden,abs_min,0.0,kg/kg
2006,HN,msw_garden,abs_min,0.0,kg/kg
2006,NI,msw_garden,abs_min,0.0,kg/kg
2006,AR,msw_garden,abs_min,0.0,kg/kg
2006,GY,msw_garden,abs_min,0.0,kg/kg
2006,VE,msw_garden,abs_min,0.0,kg/kg
2006,BM,msw_garden,abs_min,0.0,kg/kg
2006,CA,msw_garden,abs_min,0.0,kg/kg
2006,US,msw_garden,abs_min,0.0,kg/kg
2006,CN,msw_paper,abs_min,0.0,kg/kg
2006,JP,msw_paper,abs_min,0.0,kg/kg
2006,MN,msw_paper,abs_min,0.0,kg/kg
2006,KR,msw_paper,abs_min,0.0,kg/kg
2006,ID,msw_paper,abs_min,0.0,kg/kg
2006,LA,msw_paper,abs_min,0.0,kg/kg
2006,MY,msw_paper,abs_min,0.0,kg/kg
2006,MM,msw_paper,abs_min,0.0,kg/kg
2006,PH,msw_paper,abs_min,0.0,kg/kg
2006,SG,msw_paper,abs_min,0.0,kg/kg
2006,TH,msw_paper,abs_min,0.0,kg/kg
2006,VN,msw_paper,abs_min,0.0,kg/kg
2006,BD,msw_paper,abs_min,0.0,kg/kg
2006,IN,msw_paper,abs_min,0.0,kg/kg
2006,NP,msw_paper,abs_min,0.0,kg/kg
2006,LK,msw_paper,abs_min,0.0,kg/kg
2006,CY,msw_paper,abs_min,0.0,kg/kg
2006,JO,msw_paper,abs_min,0.0,kg/kg
2006,OM,msw_paper,abs_min,0.0,kg/kg
2006,SA,msw_paper,abs_min,0.0,kg/kg
2006,PS,msw_paper,abs_min,0.0,kg/kg
2006,TR,msw_paper,abs_min,0.0,kg/kg
2006,AE,msw_paper,abs_min,0.0,kg/kg
2006,TN,msw_paper,abs_min,0.0,kg/kg
2006,KE,msw_paper,abs_min,0.0,kg/kg
2006,MU,msw_paper,abs_min,0.0,kg/kg
2006,TZ,msw_paper,abs_min,0.0,kg/kg
2006,ZM,msw_paper,abs_min,0.0,kg/kg
2006,ZW,msw_paper,abs_min,0.0,kg/kg
2006,CM,msw_paper,abs_min,0.0,kg/kg
2006,ZA,msw_paper,abs_min,0.0,kg/kg
2006,GH,msw_paper,abs_min,0.0,kg/kg
2006,ML,msw_paper,abs_min,0.0,kg/kg
2006,NG,msw_paper,abs_min,0.0,kg/kg
2006,BG,msw_paper,abs_min,0.0,kg/kg
2006,CZ,msw_paper,abs_min,0.0,kg/kg
2006,HU,msw_paper,abs_min,0.0,kg/kg
2006,PL,msw_paper,abs_min,0.0,kg/kg
2006,RO,msw_paper,abs_min,0.0,kg/kg
2006,RU,msw_paper,abs_min,0.0,kg/kg
2006,DK,msw_paper,abs_min,0.0,kg/kg
2006,EE,msw_paper,abs_min,0.0,kg/kg
2006,FI,msw_paper,abs_min,0.0,kg/kg
2006,IS,msw_paper,abs_min,0.0,kg/kg
2006,IE,msw_paper,abs_min,0.0,kg/kg
2006,LV,msw_paper,abs_min,0.0,kg/kg
2006,LT,msw_paper,abs_min,0.0,kg/kg
2006,SE,msw_paper,abs_min,0.0,kg/kg
2006,GB,msw_paper,abs_min,0.0,kg/kg
2006,HR,msw_paper,abs_min,0.0,kg/kg
2006,GR,msw_paper,abs_min,0.0,kg/kg
2006,IT,msw_paper,abs_min,0.0,kg/kg
2006,PT,msw_paper,abs_min,0.0,kg/kg
2006,RS,msw_paper,abs_min,0.0,kg/kg
2006,SI,msw_paper,abs_min,0.0,kg/kg
2006,ES,msw_paper,abs_min,0.0,kg/kg
2006,FR,msw_paper,abs_min,0.0,kg/kg
2006,DE,msw_paper,abs_min,0.0,kg/kg
2006,LU,msw_paper,abs_min,0.0,kg/kg
2006,NL,msw_paper,abs_min,0.0,kg/kg
2006,CH,msw_paper,abs_min,0.0,kg/kg
2006,JM,msw_paper,abs_min,0.0,kg/kg
2006,MX,msw_paper,abs_min,0.0,kg/kg
2006,NI,msw_paper,abs_min,0.0,kg/kg
2006,AR,msw_paper,abs_min,0.0,kg/kg
2006,BR,msw_paper,abs_min,0.0,kg/kg
2006,PE,msw_paper,abs_min,0.0,kg/kg
2006,CA,msw_paper,abs_min,0.0,kg/kg
2006,US,msw_paper,abs_min,0.0,kg/kg
2006,AU,msw_paper,abs_min,0.0,kg/kg
2006,NZ,msw_paper,abs_min,0.0,kg/kg
2006,CN,msw_wood,abs_min,0.0,kg/kg
2006,JP,msw_wood,abs_min,0.0,kg/kg
2006,MN,msw_wood,abs_min,0.0,kg/kg
2006,KR,msw_wood,abs_min,0.0,kg/kg
2006,ID,msw_wood,abs_min,0.0,kg/kg
2006,LA,msw_wood,abs_min,0.0,kg/kg
2006,MY,msw_wood,abs_min,0.0,kg/kg
2006,MM,msw_wood,abs_min,0.0,kg/kg
2006,PH,msw_wood,abs_min,0.0,kg/kg
2006,SG,msw_wood,abs_min,0.0,kg/kg
2006,TH,msw_wood,abs_min,0.0,kg/kg
2006,VN,msw_wood,abs_min,0.0,kg/kg
2006,BD,msw_wood,abs_min,0.0,kg/kg
2006,IN,msw_wood,abs_min,0.0,kg/kg
2006,NP,msw_wood,abs_min,0.0,kg/kg
2006,LK,msw_wood,abs_min,0.0,kg/kg
2006,CY,msw_wood,abs_min,0.0,kg/kg
2006,JO,msw_wood,abs_min,0.0,kg/kg
2006,OM,msw_wood,abs_min,0.0,kg/kg
2006,SA,msw_wood,abs_min,0.0,kg/kg
2006,PS,msw_wood,abs_min,0.0,kg/kg
2006,TR,msw_wood,abs_min,0.0,kg/kg
2006,AE,msw_wood,abs_min,0.0,kg/kg
2006,TN,msw_wood,abs_min,0.0,kg/kg
2006,KE,msw_wood,abs_min,0.0,kg/kg
2006,MU,msw_wood,abs_min,0.0,kg/kg
2006,TZ,msw_wood,abs_min,0.0,kg/kg
2006,ZM,msw_wood,abs_min,0.0,kg/kg
2006,ZW,msw_wood,abs_min,0.0,kg/kg
2006,CM,msw_wood,abs_min,0.0,kg/kg
2006,ZA,msw_wood,abs_min,0.0,kg/kg
2006,GH,msw_wood,abs_min,0.0,kg/kg
2006,ML,msw_wood,abs_min,0.0,kg/kg
2006,NG,msw_wood,abs_min,0.0,kg/kg
2006,BG,msw_wood,abs_min,0.0,kg/kg
2006,CZ,msw_wood,abs_min,0.0,kg/kg
2006,HU,msw_wood,abs_min,0.0,kg/kg
2006,PL,msw_wood,abs_min,0.0,kg/kg
2006,RO,msw_wood,abs_min,0.0,kg/kg
2006,RU,msw_wood,abs_min,0.0,kg/kg
2006,DK,msw_wood,abs_min,0.0,kg/kg
2006,EE,msw_wood,abs_min,0.0,kg/kg
2006,FI,msw_wood,abs_min,0.0,kg/kg
2006,IS,msw_wood,abs_min,0.0,kg/kg
2006,IE,msw_wood,abs_min,0.0,kg/kg
2006,LV,msw_wood,abs_min,0.0,kg/kg
2006,LT,msw_wood,abs_min,0.0,kg/kg
2006,SE,msw_wood,abs_min,0.0,kg/kg
2006,GB,msw_wood,abs_min,0.0,kg/kg
2006,HR,msw_wood,abs_min,0.0,kg/kg
2006,GR,msw_wood,abs_min,0.0,kg/kg
2006,IT,msw_wood,abs_min,0.0,kg/kg
2006,PT,msw_wood,abs_min,0.0,kg/kg
2006,RS,msw_wood,abs_min,0.0,kg/kg
2006,SI,msw_wood,abs_min,0.0,kg/kg
2006,ES,msw_wood,abs_min,0.0,kg/kg
2006,FR,msw_wood,abs_min,0.0,kg/kg
2006,DE,msw_wood,abs_min,0.0,kg/kg
2006,LU,msw_wood,abs_min,0.0,kg/kg
2006,NL,msw_wood,abs_min,0.0,kg/kg
2006,CH,msw_wood,abs_min,0.0,kg/kg
2006,JM,msw_wood,abs_min,0.0,kg/kg
2006,MX,msw_wood,abs_min,0.0,kg/kg
2006,NI,msw_wood,abs_min,0.0,kg/kg
2006,AR,msw_wood,abs_min,0.0,kg/kg
2006,BR,msw_wood,abs_min,0.0,kg/kg
2006,PE,msw_wood,abs_min,0.0,kg/kg
2006,CA,msw_wood,abs_min,0.0,kg/kg
2006,US,msw_wood,abs_min,0.0,kg/kg
2006,AU,msw_wood,abs_min,0.0,kg/kg
2006,NZ,msw_wood,abs_min,0.0,kg/kg
2006,Southern Africa,msw_food,abs_min,0.0,kg/kg
2006,Southern Africa,msw_garden,abs_min,0.0,kg/kg
2006,Southern Africa,msw_paper,abs_min,0.0,kg/kg
2006,Southern Africa,msw_wood,abs_min,0.0,kg/kg
2006,CN,msw_food,abs_max,1.0,kg/kg
2006,JP,msw_food,abs_max,1.0,kg/kg
2006,MN,msw_food,abs_max,1.0,kg/kg
2006,KR,msw_food,abs_max,1.0,kg/kg
2006,ID,msw_food,abs_max,1.0,kg/kg
2006,LA,msw_food,abs_max,1.0,kg/kg
2006,MY,msw_food,abs_max,1.0,kg/kg
2006,MM,msw_food,abs_max,1.0,kg/kg
2006,PH,msw_food,abs_max,1.0,kg/kg
2006,SG,msw_food,abs_max,1.0,kg/kg
2006,TH,msw_food,abs_max,1.0,kg/kg
2006,VN,msw_food,abs_max,1.0,kg/kg
2006,BD,msw_food,abs_max,1.0,kg/kg
2006,IN,msw_food,abs_max,1.0,kg/kg
2006,NP,msw_food,abs_max,1.0,kg/kg
2006,LK,msw_food,abs_max,1.0,kg/kg
2006,CY,msw_food,abs_max,1.0,kg/kg
2006,JO,msw_food,abs_max,1.0,kg/kg
2006,OM,msw_food,abs_max,1.0,kg/kg
2006,SA,msw_food,abs_max,1.0,kg/kg
2006,PS,msw_food,abs_max,1.0,kg/kg
2006,TR,msw_food,abs_max,1.0,kg/kg
2006,AE,msw_food,abs_max,1.0,kg/kg
2006,TN,msw_food,abs_max,1.0,kg/kg
2006,KE,msw_food,abs_max,1.0,kg/kg
2006,MU,msw_food,abs_max,1.0,kg/kg
2006,TZ,msw_food,abs_max,1.0,kg/kg
2006,ZM,msw_food,abs_max,1.0,kg/kg
2006,ZW,msw_food,abs_max,1.0,kg/kg
2006,CM,msw_food,abs_max,1.0,kg/kg
2006,ZA,msw_food,abs_max,1.0,kg/kg
2006,GH,msw_food,abs_max,1.0,kg/kg
2006,ML,msw_food,abs_max,1.0,kg/kg
2006,NG,msw_food,abs_max,1.0,kg/kg
2006,BG,msw_food,abs_max,1.0,kg/kg
2006,CZ,msw_food,abs_max,1.0,kg/kg
2006,HU,msw_food,abs_max,1.0,kg/kg
2006,PL,msw_food,abs_max,1.0,kg/kg
2006,RO,msw_food,abs_max,1.0,kg/kg
2006,RU,msw_food,abs_max,1.0,kg/kg
2006,DK,msw_food,abs_max,1.0,kg/kg
2006,EE,msw_food,abs_max,1.0,kg/kg
2006,FI,msw_food,abs_max,1.0,kg/kg
2006,IS,msw_food,abs_max,1.0,kg/kg
2006,IE,msw_food,abs_max,1.0,kg/kg
2006,LV,msw_food,abs_max,1.0,kg/kg
2006,LT,msw_food,abs_max,1.0,kg/kg
2006,SE,msw_food,abs_max,1.0,kg/kg
2006,GB,msw_food,abs_max,1.0,kg/kg
2006,HR,msw_food,abs_max,1.0,kg/kg
2006,GR,msw_food,abs_max,1.0,kg/kg
2006,IT,msw_food,abs_max,1.0,kg/kg
2006,PT,msw_food,abs_max,1.0,kg/kg
2006,RS,msw_food,abs_max,1.0,kg/kg
2006,SI,msw_food,abs_max,1.0,kg/kg
2006,ES,msw_food,abs_max,1.0,kg/kg
2006,FR,msw_food,abs_max,1.0,kg/kg
2006,DE,msw_food,abs_max,1.0,kg/kg
2006,LU,msw_food,abs_max,1.0,kg/kg
2006,NL,msw_food,abs_max,1.0,kg/kg
2006,CH,msw_food,abs_max,1.0,kg/kg
2006,JM,msw_food,abs_max,1.0,kg/kg
2006,MX,msw_food,abs_max,1.0,kg/kg
2006,NI,msw_food,abs_max,1.0,kg/kg
2006,AR,msw_food,abs_max,1.0,kg/kg
2006,BR,msw_food,abs_max,1.0,kg/kg
2006,PE,msw_food,abs_max,1.0,kg/kg
2006,CA,msw_food,abs_max,1.0,kg/kg
2006,US,msw_food,abs_max,1.0,kg/kg
2006,AU,msw_food,abs_max,1.0,kg/kg
2006,NZ,msw_food,abs_max,1.0,kg/kg
2006,TJ,msw_garden,abs_max,1.0,kg/kg
2006,HK,msw_garden,abs_max,1.0,kg/kg
2006,MO,msw_garden,abs_max,1.0,kg/kg
2006,JP,msw_garden,abs_max,1.0,kg/kg
2006,KR,msw_garden,abs_max,1.0,kg/kg
2006,BN,msw_garden,abs_max,1.0,kg/kg
2006,ID,msw_garden,abs_max,1.0,kg/kg
2006,LA,msw_garden,abs_max,1.0,kg/kg
2006,MY,msw_garden,abs_max,1.0,kg/kg
2006,MM,msw_garden,abs_max,1.0,kg/kg
2006,PH,msw_garden,abs_max,1.0,kg/kg
2006,SG,msw_garden,abs_max,1.0,kg/kg
2006,TH,msw_garden,abs_max,1.0,kg/kg
2006,BD,msw_garden,abs_max,1.0,kg/kg
2006,IR,msw_garden,abs_max,1.0,kg/kg
2006,NP,msw_garden,abs_max,1.0,kg/kg
2006,AM,msw_garden,abs_max,1.0,kg/kg
2006,GE,msw_garden,abs_max,1.0,kg/kg
2006,KW,msw_garden,abs_max,1.0,kg/kg
2006,OM,msw_garden,abs_max,1.0,kg/kg
2006,QA,msw_garden,abs_max,1.0,kg/kg
2006,PS,msw_garden,abs_max,1.0,kg/kg
2006,SY,msw_garden,abs_max,1.0,kg/kg
2006,MA,msw_garden,abs_max,1.0,kg/kg
2006,ER,msw_garden,abs_max,1.0,kg/kg
2006,MG,msw_garden,abs_max,1.0,kg/kg
2006,SC,msw_garden,abs_max,1.0,kg/kg
2006,UG,msw_garden,abs_max,1.0,kg/kg
2006,TZ,msw_garden,abs_max,1.0,kg/kg
2006,ZW,msw_garden,abs_max,1.0,kg/kg
2006,LS,msw_garden,abs_max,1.0,kg/kg
2006,CI,msw_garden,abs_max,1.0,kg/kg
2006,GM,msw_garden,abs_max,1.0,kg/kg
2006,MR,msw_garden,abs_max,1.0,kg/kg
2006,TG,msw_garden,abs_max,1.0,kg/kg
2006,BY,msw_garden,abs_max,1.0,kg/kg
2006,BG,msw_garden,abs_max,1.0,kg/kg
2006,CZ,msw_garden,abs_max,1.0,kg/kg
2006,HU,msw_garden,abs_max,1.0,kg/kg
2006,PL,msw_garden,abs_max,1.0,kg/kg
2006,RU,msw_garden,abs_max,1.0,kg/kg
2006,SK,msw_garden,abs_max,1.0,kg/kg
2006,DK,msw_garden,abs_max,1.0,kg/kg
2006,EE,msw_garden,abs_max,1.0,kg/kg
2006,FI,msw_garden,abs_max,1.0,kg/kg
2006,IS,msw_garden,abs_max,1.0,kg/kg
2006,IE,msw_garden,abs_max,1.0,kg/kg
2006,LT,msw_garden,abs_max,1.0,kg/kg
2006,NO,msw_garden,abs_max,1.0,kg/kg
2006,GB,msw_garden,abs_max,1.0,kg/kg
2006,BA,msw_garden,abs_max,1.0,kg/kg
2006,HR,msw_garden,abs_max,1.0,kg/kg
2006,MT,msw_garden,abs_max,1.0,kg/kg
2006,ME,msw_garden,abs_max,1.0,kg/kg
2006,PT,msw_garden,abs_max,1.0,kg/kg
2006,RS,msw_garden,abs_max,1.0,kg/kg
2006,AT,msw_garden,abs_max,1.0,kg/kg
2006,BE,msw_garden,abs_max,1.0,kg/kg
2006,FR,msw_garden,abs_max,1.0,kg/kg
2006,DE,msw_garden,abs_max,1.0,kg/kg
2006,LU,msw_garden,abs_max,1.0,kg/kg
2006,GP,msw_garden,abs_max,1.0,kg/kg
2006,GT,msw_garden,abs_max,1.0,kg/kg
2006,HN,msw_garden,abs_max,1.0,kg/kg
2006,NI,msw_garden,abs_max,1.0,kg/kg
2006,AR,msw_garden,abs_max,1.0,kg/kg
2006,GY,msw_garden,abs_max,1.0,kg/kg
2006,VE,msw_garden,abs_max,1.0,kg/kg
2006,BM,msw_garden,abs_max,1.0,kg/kg
2006,CA,msw_garden,abs_max,1.0,kg/kg
2006,US,msw_garden,abs_max,1.0,kg/kg
2006,CN,msw_paper,abs_max,1.0,kg/kg
2006,JP,msw_paper,abs_max,1.0,kg/kg
2006,MN,msw_paper,abs_max,1.0,kg/kg
2006,KR,msw_paper,abs_max,1.0,kg/kg
2006,ID,msw_paper,abs_max,1.0,kg/kg
2006,LA,msw_paper,abs_max,1.0,kg/kg
2006,MY,msw_paper,abs_max,1.0,kg/kg
2006,MM,msw_paper,abs_max,1.0,kg/kg
2006,PH,msw_paper,abs_max,1.0,kg/kg
2006,SG,msw_paper,abs_max,1.0,kg/kg
2006,TH,msw_paper,abs_max,1.0,kg/kg
2006,VN,msw_paper,abs_max,1.0,kg/kg
2006,BD,msw_paper,abs_max,1.0,kg/kg
2006,IN,msw_paper,abs_max,1.0,kg/kg
2006,NP,msw_paper,abs_max,1.0,kg/kg
2006,LK,msw_paper,abs_max,1.0,kg/kg
2006,CY,msw_paper,abs_max,1.0,kg/kg
2006,JO,msw_paper,abs_max,1.0,kg/kg
2006,OM,msw_paper,abs_max,1.0,kg/kg
2006,SA,msw_paper,abs_max,1.0,kg/kg
2006,PS,msw_paper,abs_max,1.0,kg/kg
2006,TR,msw_paper,abs_max,1.0,kg/kg
2006,AE,msw_paper,abs_max,1.0,kg/kg
2006,TN,msw_paper,abs_max,1.0,kg/kg
2006,KE,msw_paper,abs_max,1.0,kg/kg
2006,MU,msw_paper,abs_max,1.0,kg/kg
2006,TZ,msw_paper,abs_max,1.0,kg/kg
2006,ZM,msw_paper,abs_max,1.0,kg/kg
2006,ZW,msw_paper,abs_max,1.0,kg/kg
2006,CM,msw_paper,abs_max,1.0,kg/kg
2006,ZA,msw_paper,abs_max,1.0,kg/kg
2006,GH,msw_paper,abs_max,1.0,kg/kg
2006,ML,msw_paper,abs_max,1.0,kg/kg
2006,NG,msw_paper,abs_max,1.0,kg/kg
2006,BG,msw_paper,abs_max,1.0,kg/kg
2006,CZ,msw_paper,abs_max,1.0,kg/kg
2006,HU,msw_paper,abs_max,1.0,kg/kg
2006,PL,msw_paper,abs_max,1.0,kg/kg
2006,RO,msw_paper,abs_max,1.0,kg/kg
2006,RU,msw_paper,abs_max,1.0,kg/kg
2006,DK,msw_paper,abs_max,1.0,kg/kg
2006,EE,msw_paper,abs_max,1.0,kg/kg
2006,FI,msw_paper,abs_max,1.0,kg/kg
2006,IS,msw_paper,abs_max,1.0,kg/kg
2006,IE,msw_paper,abs_max,1.0,kg/kg
2006,LV,msw_paper,abs_max,1.0,kg/kg
2006,LT,msw_paper,abs_max,1.0,kg/kg
2006,SE,msw_paper,abs_max,1.0,kg/kg
2006,GB,msw_paper,abs_max,1.0,kg/kg
2006,HR,msw_paper,abs_max,1.0,kg/kg
2006,GR,msw_paper,abs_max,1.0,kg/kg
2006,IT,msw_paper,abs_max,1.0,kg/kg
2006,PT,msw_paper,abs_max,1.0,kg/kg
2006,RS,msw_paper,abs_max,1.0,kg/kg
2006,SI,msw_paper,abs_max,1.0,kg/kg
2006,ES,msw_paper,abs_max,1.0,kg/kg
2006,FR,msw_paper,abs_max,1.0,kg/kg
2006,DE,msw_paper,abs_max,1.0,kg/kg
2006,LU,msw_paper,abs_max,1.0,kg/kg
2006,NL,msw_paper,abs_max,1.0,kg/kg
2006,CH,msw_paper,abs_max,1.0,kg/kg
2006,JM,msw_paper,abs_max,1.0,kg/kg
2006,MX,msw_paper,abs_max,1.0,kg/kg
2006,NI,msw_paper,abs_max,1.0,kg/kg
2006,AR,msw_paper,abs_max,1.0,kg/kg
2006,BR,msw_paper,abs_max,1.0,kg/kg
2006,PE,msw_paper,abs_max,1.0,kg/kg
2006,CA,msw_paper,abs_max,1.0,kg/kg
2006,US,msw_paper,abs_max,1.0,kg/kg
2006,AU,msw_paper,abs_max,1.0,kg/kg
2006,NZ,msw_paper,abs_max,1.0,kg/kg
2006,CN,msw_wood,abs_max,1.0,kg/kg
2006,JP,msw_wood,abs_max,1.0,kg/kg
2006,MN,msw_wood,abs_max,1.0,kg/kg
2006,KR,msw_wood,abs_max,1.0,kg/kg
2006,ID,msw_wood,abs_max,1.0,kg/kg
2006,LA,msw_wood,abs_max,1.0,kg/kg
2006,MY,msw_wood,abs_max,1.0,kg/kg
2006,MM,msw_wood,abs_max,1.0,kg/kg
2006,PH,msw_wood,abs_max,1.0,kg/kg
2006,SG,msw_wood,abs_max,1.0,kg/kg
2006,TH,msw_wood,abs_max,1.0,kg/kg
2006,VN,msw_wood,abs_max,1.0,kg/kg
2006,BD,msw_wood,abs_max,1.0,kg/kg
2006,IN,msw_wood,abs_max,1.0,kg/kg
2006,NP,msw_wood,abs_max,1.0,kg/kg
2006,LK,msw_wood,abs_max,1.0,kg/kg
2006,CY,msw_wood,abs_max,1.0,kg/kg
2006,JO,msw_wood,abs_max,1.0,kg/kg
2006,OM,msw_wood,abs_max,1.0,kg/kg
2006,SA,msw_wood,abs_max,1.0,kg/kg
2006,PS,msw_wood,abs_max,1.0,kg/kg
2006,TR,msw_wood,abs_max,1.0,kg/kg
2006,AE,msw_wood,abs_max,1.0,kg/kg
2006,TN,msw_wood,abs_max,1.0,kg/kg
2006,KE,msw_wood,abs_max,1.0,kg/kg
2006,MU,msw_wood,abs_max,1.0,kg/kg
2006,TZ,msw_wood,abs_max,1.0,kg/kg
2006,ZM,msw_wood,abs_max,1.0,kg/kg
2006,ZW,msw_wood,abs_max,1.0,kg/kg
2006,CM,msw_wood,abs_max,1.0,kg/kg
2006,ZA,msw_wood,abs_max,1.0,kg/kg
2006,GH,msw_wood,abs_max,1.0,kg/kg
2006,ML,msw_wood,abs_max,1.0,kg/kg
2006,NG,msw_wood,abs_max,1.0,kg/kg
2006,BG,msw_wood,abs_max,1.0,kg/kg
2006,CZ,msw_wood,abs_max,1.0,kg/kg
2006,HU,msw_wood,abs_max,1.0,kg/kg
2006,PL,msw_wood,abs_max,1.0,kg/kg
2006,RO,msw_wood,abs_max,1.0,kg/kg
2006,RU,msw_wood,abs_max,1.0,kg/kg
2006,DK,msw_wood,abs_max,1.0,kg/kg
2006,EE,msw_wood,abs_max,1.0,kg/kg
2006,FI,msw_wood,abs_max,1.0,kg/kg
2006,IS,msw_wood,abs_max,1.0,kg/kg
2006,IE,msw_wood,abs_max,1.0,kg/kg
2006,LV,msw_wood,abs_max,1.0,kg/kg
2006,LT,msw_wood,abs_max,1.0,kg/kg
2006,SE,msw_wood,abs_max,1.0,kg/kg
2006,GB,msw_wood,abs_max,1.0,kg/kg
2006,HR,msw_wood,abs_max,1.0,kg/kg
2006,GR,msw_wood,abs_max,1.0,kg/kg
2006,IT,msw_wood,abs_max,1.0,kg/kg
2006,PT,msw_wood,abs_max,1.0,kg/kg
2006,RS,msw_wood,abs_max,1.0,kg/kg
2006,SI,msw_wood,abs_max,1.0,kg/kg
2006,ES,msw_wood,abs_max,1.0,kg/kg
2006,FR,msw_wood,abs_max,1.0,kg/kg
2006,DE,msw_wood,abs_max,1.0,kg/kg
2006,LU,msw_wood,abs_max,1.0,kg/kg
2006,NL,msw_wood,abs_max,1.0,kg/kg
2006,CH,msw_wood,abs_max,1.0,kg/kg
2006,JM,msw_wood,abs_max,1.0,kg/kg
2006,MX,msw_wood,abs_max,1.0,kg/kg
2006,NI,msw_wood,abs_max,1.0,kg/kg
2006,AR,msw_wood,abs_max,1.0,kg/kg
2006,BR,msw_wood,abs_max,1.0,kg/kg
2006,PE,msw_wood,abs_max,1.0,kg/kg
2006,CA,msw_wood,abs_max,1.0,kg/kg
2006,US,msw_wood,abs_max,1.0,kg/kg
2006,AU,msw_wood,abs_max,1.0,kg/kg
2006,NZ,msw_wood,abs_max,1.0,kg/kg
2006,Southern Africa,msw_food,abs_max,1.0,kg/kg
2006,Southern Africa,msw_garden,abs_max,1.0,kg/kg
2006,Southern Africa,msw_paper,abs_max,1.0,kg/kg
2006,Southern Africa,msw_wood,abs_max,1.0,kg/kg
2006,Central Asia,msw_food,def,0.3,kg/kg
2006,Eastern Asia,msw_food,def,0.403,kg/kg
2006,South-Eastern Asia,msw_food,def,0.499,kg/kg
2006,Southern Asia,msw_food,def,0.661,kg/kg
2006,Western Asia,msw_food,def,0.422,kg/kg
2006,Northern Africa,msw_food,def,0.504,kg/kg
2006,Eastern Africa,msw_food,def,0.444,kg/kg
2006,Middle Africa,msw_food,def,0.284,kg/kg
2006,Western Africa,msw_food,def,0.539,kg/kg
2006,Eastern Europe,msw_food,def,0.318,kg/kg
2006,Northern Europe,msw_food,def,0.303,kg/kg
2006,Southern Europe,msw_food,def,0.358,kg/kg
2006,Western Europe,msw_food,def,0.332,kg/kg
2006,Caribbean,msw_food,def,0.627,kg/kg
2006,Central America,msw_food,def,0.627,kg/kg
2006,South America,msw_food,def,0.541,kg/kg
2006,Northern America,msw_food,def,0.202,kg/kg
2006,Australia and New Zealand,msw_food,def,0.259,kg/kg
2006,Melanesia,msw_food,def,0.259,kg/kg
2006,Polynesia,msw_food,def,0.259,kg/kg
2006,Central Asia,msw_garden,def,0.014,kg/kg
2006,Eastern Asia,msw_garden,def,0.0,kg/kg
2006,South-Eastern Asia,msw_garden,def,0.01,kg/kg
2006,Southern Asia,msw_garden,def,0.0,kg/kg
2006,Western Asia,msw_garden,def,0.032,kg/kg
2006,Northern Africa,msw_garden,def,0.0,kg/kg
2006,Eastern Africa,msw_garden,def,0.069,kg/kg
2006,Middle Africa,msw_garden,def,0.0,kg/kg
2006,Western Africa,msw_garden,def,0.0,kg/kg
2006,Eastern Europe,msw_garden,def,0.024,kg/kg
2006,Northern Europe,msw_garden,def,0.052,kg/kg
2006,Southern Europe,msw_garden,def,0.014,kg/kg
2006,Western Europe,msw_garden,def,0.027,kg/kg
2006,Caribbean,msw_garden,def,0.0,kg/kg
2006,Central America,msw_garden,def,0.0,kg/kg
2006,South America,msw_garden,def,0.033,kg/kg
2006,Northern America,msw_garden,def,0.068,kg/kg
2006,Australia and New Zealand,msw_garden,def,0.122,kg/kg
2006,Melanesia,msw_garden,def,0.122,kg/kg
2006,Polynesia,msw_garden,def,0.122,kg/kg
2006,Central Asia,msw_paper,def,0.247,kg/kg
2006,Eastern Asia,msw_paper,def,0.204,kg/kg
2006,South-Eastern Asia,msw_paper,def,0.112,kg/kg
2006,Southern Asia,msw_paper,def,0.092,kg/kg
2006,Western Asia,msw_paper,def,0.153,kg/kg
2006,Northern Africa,msw_paper,def,0.121,kg/kg
2006,Eastern Africa,msw_paper,def,0.104,kg/kg
2006,Middle Africa,msw_paper,def,0.08,kg/kg
2006,Western Africa,msw_paper,def,0.075,kg/kg
2006,Eastern Europe,msw_paper,def,0.171,kg/kg
2006,Northern Europe,msw_paper,def,0.138,kg/kg
2006,Southern Europe,msw_paper,def,0.214,kg/kg
2006,Western Europe,msw_paper,def,0.172,kg/kg
2006,Caribbean,msw_paper,def,0.126,kg/kg
2006,Central America,msw_paper,def,0.126,kg/kg
2006,South America,msw_paper,def,0.124,kg/kg
2006,Northern America,msw_paper,def,0.233,kg/kg
2006,Australia and New Zealand,msw_paper,def,0.12,kg/kg
2006,Melanesia,msw_paper,def,0.12,kg/kg
2006,Polynesia,msw_paper,def,0.12,kg/kg
2006,Central Asia,msw_wood,def,0.025,kg/kg
2006,Eastern Asia,msw_wood,def,0.021,kg/kg
2006,South-Eastern Asia,msw_wood,def,0.008,kg/kg
2006,Southern Asia,msw_wood,def,0.0,kg/kg
2006,Western Asia,msw_wood,def,0.008,kg/kg
2006,Northern Africa,msw_wood,def,0.0,kg/kg
2006,Eastern Africa,msw_wood,def,0.005,kg/kg
2006,Middle Africa,msw_wood,def,0.0,kg/kg
2006,Western Africa,msw_wood,def,0.0,kg/kg
2006,Eastern Europe,msw_wood,def,0.025,kg/kg
2006,Northern Europe,msw_wood,def,0.018,kg/kg
2006,Southern Europe,msw_wood,def,0.012,kg/kg
2006,Western Europe,msw_wood,def,0.023,kg/kg
2006,Caribbean,msw_wood,def,0.003,kg/kg
2006,Central America,msw_wood,def,0.003,kg/kg
2006,South America,msw_wood,def,0.0,kg/kg
2006,Northern America,msw_wood,def,0.041,kg/kg
2006,Australia and New Zealand,msw_wood,def,0.065,kg/kg
2006,Melanesia,msw_wood,def,0.065,kg/kg
2006,Polynesia,msw_wood,def,0.065,kg/kg
2006,Central Asia,msw_food,min,0.21,kg/kg
2006,Eastern Asia,msw_food,min,0.2821,kg/kg
2006,South-Eastern Asia,msw_food,min,0.3493,kg/kg
2006,Southern Asia,msw_food,min,0.4627,kg/kg
2006,Western Asia,msw_food,min,0.2954,kg/kg
2006,Northern Africa,msw_food,min,0.3528,kg/kg
2006,Eastern Africa,msw_food,min,0.3108,kg/kg
2006,Middle Africa,msw_food,min,0.1988,kg/kg
2006,Western Africa,msw_food,min,0.3773,kg/kg
2006,Eastern Europe,msw_food,min,0.2226,kg/kg
2006,Northern Europe,msw_food,min,0.2121,kg/kg
2006,Southern Europe,msw_food,min,0.2506,kg/kg
2006,Western Europe,msw_food,min,0.2324,kg/kg
2006,Caribbean,msw_food,min,0.4389,kg/kg
2006,Central America,msw_food,min,0.4389,kg/kg
2006,South America,msw_food,min,0.3787,kg/kg
2006,Northern America,msw_food,min,0.1414,kg/kg
2006,Australia and New Zealand,msw_food,min,0.1813,kg/kg
2006,Melanesia,msw_food,min,0.1813,kg/kg
2006,Polynesia,msw_food,min,0.1813,kg/kg
2006,Central Asia,msw_garden,min,0.0098,kg/kg
2006,Eastern Asia,msw_garden,min,0.0,kg/kg
2006,South-Eastern Asia,msw_garden,min,0.007,kg/kg
2006,Southern Asia,msw_garden,min,0.0,kg/kg
2006,Western Asia,msw_garden,min,0.0224,kg/kg
2006,Northern Africa,msw_garden,min,0.0,kg/kg
2006,Eastern Africa,msw_garden,min,0.0483,kg/kg
2006,Middle Africa,msw_garden,min,0.0,kg/kg
2006,Western Africa,msw_garden,min,0.0,kg/kg
2006,Eastern Europe,msw_garden,min,0.0168,kg/kg
2006,Northern Europe,msw_garden,min,0.0364,kg/kg
2006,Southern Europe,msw_garden,min,0.0098,kg/kg
2006,Western Europe,msw_garden,min,0.0189,kg/kg
2006,Caribbean,msw_garden,min,0.0,kg/kg
2006,Central America,msw_garden,min,0.0,kg/kg
2006,South America,msw_garden,min,0.0231,kg/kg
2006,Northern America,msw_garden,min,0.0476,kg/kg
2006,Australia and New Zealand,msw_garden,min,0.0854,kg/kg
2006,Melanesia,msw_garden,min,0.0854,kg/kg
2006,Polynesia,msw_garden,min,0.0854,kg/kg
2006,Central Asia,msw_paper,min,0.1729,kg/kg
2006,Eastern Asia,msw_paper,min,0.1428,kg/kg
2006,South-Eastern Asia,msw_paper,min,0.0784,kg/kg
2006,Southern Asia,msw_paper,min,0.0644,kg/kg
2006,Western Asia,msw_paper,min,0.1071,kg/kg
2006,Northern Africa,msw_paper,min,0.0847,kg/kg
2006,Eastern Africa,msw_paper,min,0.0728,kg/kg
2006,Middle Africa,msw_paper,min,0.056,kg/kg
2006,Western Africa,msw_paper,min,0.0525,kg/kg
2006,Eastern Europe,msw_paper,min,0.1197,kg/kg
2006,Northern Europe,msw_paper,min,0.0966,kg/kg
2006,Southern Europe,msw_paper,min,0.1498,kg/kg
2006,Western Europe,msw_paper,min,0.1204,kg/kg
2006,Caribbean,msw_paper,min,0.0882,kg/kg
2006,Central America,msw_paper,min,0.0882,kg/kg
2006,South America,msw_paper,min,0.0868,kg/kg
2006,Northern America,msw_paper,min,0.1631,kg/kg
2006,Australia and New Zealand,msw_paper,min,0.084,kg/kg
2006,Melanesia,msw_paper,min,0.084,kg/kg
2006,Polynesia,msw_paper,min,0.084,kg/kg
2006,Central Asia,msw_wood,min,0.0175,kg/kg
2006,Eastern Asia,msw_wood,min,0.0147,kg/kg
2006,South-Eastern Asia,msw_wood,min,0.0056,kg/kg
2006,Southern Asia,msw_wood,min,0.0,kg/kg
2006,Western Asia,msw_wood,min,0.0056,kg/kg
2006,Northern Africa,msw_wood,min,0.0,kg/kg
2006,Eastern Africa,msw_wood,min,0.0035,kg/kg
2006,Middle Africa,msw_wood,min,0.0,kg/kg
2006,Western Africa,msw_wood,min,0.0,kg/kg
2006,Eastern Europe,msw_wood,min,0.0175,kg/kg
2006,Northern Europe,msw_wood,min,0.0126,kg/kg
2006,Southern Europe,msw_wood,min,0.0084,kg/kg
2006,Western Europe,msw_wood,min,0.0161,kg/kg
2006,Caribbean,msw_wood,min,0.0021,kg/kg
2006,Central America,msw_wood,min,0.0021,kg/kg
2006,South America,msw_wood,min,0.0,kg/kg
2006,Northern America,msw_wood,min,0.0287,kg/kg
2006,Australia and New Zealand,msw_wood,min,0.0455,kg/kg
2006,Melanesia,msw_wood,min,0.0455,kg/kg
2006,Polynesia,msw_wood,min,0.0455,kg/kg
2006,Central Asia,msw_food,max,0.39,kg/kg
2006,Eastern Asia,msw_food,max,0.5239,kg/kg
2006,South-Eastern Asia,msw_food,max,0.6487,kg/kg
2006,Southern Asia,msw_food,max,0.8593,kg/kg
2006,Western Asia,msw_food,max,0.5486,kg/kg
2006,Northern Africa,msw_food,max,0.6552,kg/kg
2006,Eastern Africa,msw_food,max,0.5772,kg/kg
2006,Middle Africa,msw_food,max,0.3692,kg/kg
2006,Western Africa,msw_food,max,0.7007,kg/kg
2006,Eastern Europe,msw_food,max,0.4134,kg/kg
2006,Northern Europe,msw_food,max,0.3939,kg/kg
2006,Southern Europe,msw_food,max,0.4654,kg/kg
2006,Western Europe,msw_food,max,0.4316,kg/kg
2006,Caribbean,msw_food,max,0.8151,kg/kg
2006,Central America,msw_food,max,0.8151,kg/kg
2006,South America,msw_food,max,0.7033,kg/kg
2006,Northern America,msw_food,max,0.2626,kg/kg
2006,Australia and New Zealand,msw_food,max,0.3367,kg/kg
2006,Melanesia,msw_food,max,0.3367,kg/kg
2006,Polynesia,msw_food,max,0.3367,kg/kg
2006,Central Asia,msw_garden,max,0.0182,kg/kg
2006,Eastern Asia,msw_garden,max,0.0,kg/kg
2006,South-Eastern Asia,msw_garden,max,0.013,kg/kg
2006,Southern Asia,msw_garden,max,0.0,kg/kg
2006,Western Asia,msw_garden,max,0.0416,kg/kg
2006,Northern Africa,msw_garden,max,0.0,kg/kg
2006,Eastern Africa,msw_garden,max,0.0897,kg/kg
2006,Middle Africa,msw_garden,max,0.0,kg/kg
2006,Western Africa,msw_garden,max,0.0,kg/kg
2006,Eastern Europe,msw_garden,max,0.0312,kg/kg
2006,Northern Europe,msw_garden,max,0.0676,kg/kg
2006,Southern Europe,msw_garden,max,0.0182,kg/kg
2006,Western Europe,msw_garden,max,0.0351,kg/kg
2006,Caribbean,msw_garden,max,0.0,kg/kg
2006,Central America,msw_garden,max,0.0,kg/kg
2006,South America,msw_garden,max,0.0429,kg/kg
2006,Northern America,msw_garden,max,0.0884,kg/kg
2006,Australia and New Zealand,msw_garden,max,0.1586,kg/kg
2006,Melanesia,msw_garden,max,0.1586,kg/kg
2006,Polynesia,msw_garden,max,0.1586,kg/kg
2006,Central Asia,msw_paper,max,0.3211,kg/kg
2006,Eastern Asia,msw_paper,max,0.2652,kg/kg
2006,South-Eastern Asia,msw_paper,max,0.1456,kg/kg
2006,Southern Asia,msw_paper,max,0.1196,kg/kg
2006,Western Asia,msw_paper,max,0.1989,kg/kg
2006,Northern Africa,msw_paper,max,0.1573,kg/kg
2006,Eastern Africa,msw_paper,max,0.1352,kg/kg
2006,Middle Africa,msw_paper,max,0.104,kg/kg
2006,Western Africa,msw_paper,max,0.0975,kg/kg
2006,Eastern Europe,msw_paper,max,0.2223,kg/kg
2006,Northern Europe,msw_paper,max,0.1794,kg/kg
2006,Southern Europe,msw_paper,max,0.2782,kg/kg
2006,Western Europe,msw_paper,max,0.2236,kg/kg
2006,Caribbean,msw_paper,max,0.1638,kg/kg
2006,Central America,msw_paper,max,0.1638,kg/kg
2006,South America,msw_paper,max,0.1612,kg/kg
2006,Northern America,msw_paper,max,0.3029,kg/kg
2006,Australia and New Zealand,msw_paper,max,0.156,kg/kg
2006,Melanesia,msw_paper,max,0.156,kg/kg
2006,Polynesia,msw_paper,max,0.156,kg/kg
2006,Central Asia,msw_wood,max,0.0325,kg/kg
2006,Eastern Asia,msw_wood,max,0.0273,kg/kg
2006,South-Eastern Asia,msw_wood,max,0.0104,kg/kg
2006,Southern Asia,msw_wood,max,0.0,kg/kg
2006,Western Asia,msw_wood,max,0.0104,kg/kg
2006,Northern Africa,msw_wood,max,0.0,kg/kg
2006,Eastern Africa,msw_wood,max,0.0065,kg/kg
2006,Middle Africa,msw_wood,max,0.0,kg/kg
2006,Western Africa,msw_wood,max,0.0,kg/kg
2006,Eastern Europe,msw_wood,max,0.0325,kg/kg
2006,Northern Europe,msw_wood,max,0.0234,kg/kg
2006,Southern Europe,msw_wood,max,0.0156,kg/kg
2006,Western Europe,msw_wood,max,0.0299,kg/kg
2006,Caribbean,msw_wood,max,0.0039,kg/kg
2006,Central America,msw_wood,max,0.0039,kg/kg
2006,South America,msw_wood,max,0.0,kg/kg
2006,Northern America,msw_wood,max,0.0533,kg/kg
2006,Australia and New Zealand,msw_wood,max,0.0845,kg/kg
2006,Melanesia,msw_wood,max,0.0845,kg/kg
2006,Polynesia,msw_wood,max,0.0845,kg/kg
2006,Central Asia,msw_food,abs_min,0.0,kg/kg
2006,Eastern Asia,msw_food,abs_min,0.0,kg/kg
2006,South-Eastern Asia,msw_food,abs_min,0.0,kg/kg
2006,Southern Asia,msw_food,abs_min,0.0,kg/kg
2006,Western Asia,msw_food,abs_min,0.0,kg/kg
2006,Northern Africa,msw_food,abs_min,0.0,kg/kg
2006,Eastern Africa,msw_food,abs_min,0.0,kg/kg
2006,Middle Africa,msw_food,abs_min,0.0,kg/kg
2006,Western Africa,msw_food,abs_min,0.0,kg/kg
2006,Eastern Europe,msw_food,abs_min,0.0,kg/kg
2006,Northern Europe,msw_food,abs_min,0.0,kg/kg
2006,Southern Europe,msw_food,abs_min,0.0,kg/kg
2006,Western Europe,msw_food,abs_min,0.0,kg/kg
2006,Caribbean,msw_food,abs_min,0.0,kg/kg
2006,Central America,msw_food,abs_min,0.0,kg/kg
2006,South America,msw_food,abs_min,0.0,kg/kg
2006,Northern America,msw_food,abs_min,0.0,kg/kg
2006,Australia and New Zealand,msw_food,abs_min,0.0,kg/kg
2006,Melanesia,msw_food,abs_min,0.0,kg/kg
2006,Polynesia,msw_food,abs_min,0.0,kg/kg
2006,Central Asia,msw_garden,abs_min,0.0,kg/kg
2006,Eastern Asia,msw_garden,abs_min,0.0,kg/kg
2006,South-Eastern Asia,msw_garden,abs_min,0.0,kg/kg
2006,Southern Asia,msw_garden,abs_min,0.0,kg/kg
2006,Western Asia,msw_garden,abs_min,0.0,kg/kg
2006,Northern Africa,msw_garden,abs_min,0.0,kg/kg
2006,Eastern Africa,msw_garden,abs_min,0.0,kg/kg
2006,Middle Africa,msw_garden,abs_min,0.0,kg/kg
2006,Western Africa,msw_garden,abs_min,0.0,kg/kg
2006,Eastern Europe,msw_garden,abs_min,0.0,kg/kg
2006,Northern Europe,msw_garden,abs_min,0.0,kg/kg
2006,Southern Europe,msw_garden,abs_min,0.0,kg/kg
2006,Western Europe,msw_garden,abs_min,0.0,kg/kg
2006,Caribbean,msw_garden,abs_min,0.0,kg/kg
2006,Central America,msw_garden,abs_min,0.0,kg/kg
2006,South America,msw_garden,abs_min,0.0,kg/kg
2006,Northern America,msw_garden,abs_min,0.0,kg/kg
2006,Australia and New Zealand,msw_garden,abs_min,0.0,kg/kg
2006,Melanesia,msw_garden,abs_min,0.0,kg/kg
2006,Polynesia,msw_garden,abs_min,0.0,kg/kg
2006,Central Asia,msw_paper,abs_min,0.0,kg/kg
2006,Eastern Asia,msw_paper,abs_min,0.0,kg/kg
2006,South-Eastern Asia,msw_paper,abs_min,0.0,kg/kg
2006,Southern Asia,msw_paper,abs_min,0.0,kg/kg
2006,Western Asia,msw_paper,abs_min,0.0,kg/kg
2006,Northern Africa,msw_paper,abs_min,0.0,kg/kg
2006,Eastern Africa,msw_paper,abs_min,0.0,kg/kg
2006,Middle Africa,msw_paper,abs_min,0.0,kg/kg
2006,Western Africa,msw_paper,abs_min,0.0,kg/kg
2006,Eastern Europe,msw_paper,abs_min,0.0,kg/kg
2006,Northern Europe,msw_paper,abs_min,0.0,kg/kg
2006,Southern Europe,msw_paper,abs_min,0.0,kg/kg
2006,Western Europe,msw_paper,abs_min,0.0,kg/kg
2006,Caribbean,msw_paper,abs_min,0.0,kg/kg
2006,Central America,msw_paper,abs_min,0.0,kg/kg
2006,South America,msw_paper,abs_min,0.0,kg/kg
2006,Northern America,msw_paper,abs_min,0.0,kg/kg
2006,Australia and New Zealand,msw_paper,abs_min,0.0,kg/kg
2006,Melanesia,msw_paper,abs_min,0.0,kg/kg
2006,Polynesia,msw_paper,abs_min,0.0,kg/kg
2006,Central Asia,msw_wood,abs_min,0.0,kg/kg
2006,Eastern Asia,msw_wood,abs_min,0.0,kg/kg
2006,South-Eastern Asia,msw_wood,abs_min,0.0,kg/kg
2006,Southern Asia,msw_wood,abs_min,0.0,kg/kg
2006,Western Asia,msw_wood,abs_min,0.0,kg/kg
2006,Northern Africa,msw_wood,abs_min,0.0,kg/kg
2006,Eastern Africa,msw_wood,abs_min,0.0,kg/kg
2006,Middle Africa,msw_wood,abs_min,0.0,kg/kg
2006,Western Africa,msw_wood,abs_min,0.0,kg/kg
2006,Eastern Europe,msw_wood,abs_min,0.0,kg/kg
2006,Northern Europe,msw_wood,abs_min,0.0,kg/kg
2006,Southern Europe,msw_wood,abs_min,0.0,kg/kg
2006,Western Europe,msw_wood,abs_min,0.0,kg/kg
2006,Caribbean,msw_wood,abs_min,0.0,kg/kg
2006,Central America,msw_wood,abs_min,0.0,kg/kg
2006,South America,msw_wood,abs_min,0.0,kg/kg
2006,Northern America,msw_wood,abs_min,0.0,kg/kg
2006,Australia and New Zealand,msw_wood,abs_min,0.0,kg/kg
2006,Melanesia,msw_wood,abs_min,0.0,kg/kg
2006,Polynesia,msw_wood,abs_min,0.0,kg/kg
2006,Central Asia,msw_food,abs_max,1.0,kg/kg
2006,Eastern Asia,msw_food,abs_max,1.0,kg/kg
2006,South-Eastern Asia,msw_food,abs_max,1.0,kg/kg
2006,Southern Asia,msw_food,abs_max,1.0,kg/kg
2006,Western Asia,msw_food,abs_max,1.0,kg/kg
2006,Northern Africa,msw_food,abs_max,1.0,kg/kg
2006,Eastern Africa,msw_food,abs_max,1.0,kg/kg
2006,Middle Africa,msw_food,abs_max,1.0,kg/kg
2006,Western Africa,msw_food,abs_max,1.0,kg/kg
2006,Eastern Europe,msw_food,abs_max,1.0,kg/kg
2006,Northern Europe,msw_food,abs_max,1.0,kg/kg
2006,Southern Europe,msw_food,abs_max,1.0,kg/kg
2006,Western Europe,msw_food,abs_max,1.0,kg/kg
2006,Caribbean,msw_food,abs_max,1.0,kg/kg
2006,Central America,msw_food,abs_max,1.0,kg/kg
2006,South America,msw_food,abs_max,1.0,kg/kg
2006,Northern America,msw_food,abs_max,1.0,kg/kg
2006,Australia and New Zealand,msw_food,abs_max,1.0,kg/kg
2006,Melanesia,msw_food,abs_max,1.0,kg/kg
2006,Polynesia,msw_food,abs_max,1.0,kg/kg
2006,Central Asia,msw_garden,abs_max,1.0,kg/kg
2006,Eastern Asia,msw_garden,abs_max,1.0,kg/kg
2006,South-Eastern Asia,msw_garden,abs_max,1.0,kg/kg
2006,Southern Asia,msw_garden,abs_max,1.0,kg/kg
2006,Western Asia,msw_garden,abs_max,1.0,kg/kg
2006,Northern Africa,msw_garden,abs_max,1.0,kg/kg
2006,Eastern Africa,msw_garden,abs_max,1.0,kg/kg
2006,Middle Africa,msw_garden,abs_max,1.0,kg/kg
2006,Western Africa,msw_garden,abs_max,1.0,kg/kg
2006,Eastern Europe,msw_garden,abs_max,1.0,kg/kg
2006,Northern Europe,msw_garden,abs_max,1.0,kg/kg
2006,Southern Europe,msw_garden,abs_max,1.0,kg/kg
2006,Western Europe,msw_garden,abs_max,1.0,kg/kg
2006,Caribbean,msw_garden,abs_max,1.0,kg/kg
2006,Central America,msw_garden,abs_max,1.0,kg/kg
2006,South America,msw_garden,abs_max,1.0,kg/kg
2006,Northern America,msw_garden,abs_max,1.0,kg/kg
2006,Australia and New Zealand,msw_garden,abs_max,1.0,kg/kg
2006,Melanesia,msw_garden,abs_max,1.0,kg/kg
2006,Polynesia,msw_garden,abs_max,1.0,kg/kg
2006,Central Asia,msw_paper,abs_max,1.0,kg/kg
2006,Eastern Asia,msw_paper,abs_max,1.0,kg/kg
2006,South-Eastern Asia,msw_paper,abs_max,1.0,kg/kg
2006,Southern Asia,msw_paper,abs_max,1.0,kg/kg
2006,Western Asia,msw_paper,abs_max,1.0,kg/kg
2006,Northern Africa,msw_paper,abs_max,1.0,kg/kg
2006,Eastern Africa,msw_paper,abs_max,1.0,kg/kg
2006,Middle Africa,msw_paper,abs_max,1.0,kg/kg
2006,Western Africa,msw_paper,abs_max,1.0,kg/kg
2006,Eastern Europe,msw_paper,abs_max,1.0,kg/kg
2006,Northern Europe,msw_paper,abs_max,1.0,kg/kg
2006,Southern Europe,msw_paper,abs_max,1.0,kg/kg
2006,Western Europe,msw_paper,abs_max,1.0,kg/kg
2006,Caribbean,msw_paper,abs_max,1.0,kg/kg
2006,Central America,msw_paper,abs_max,1.0,kg/kg
2006,South America,msw_paper,abs_max,1.0,kg/kg
2006,Northern America,msw_paper,abs_max,1.0,kg/kg
2006,Australia and New Zealand,msw_paper,abs_max,1.0,kg/kg
2006,Melanesia,msw_paper,abs_max,1.0,kg/kg
2006,Polynesia,msw_paper,abs_max,1.0,kg/kg
2006,Central Asia,msw_wood,abs_max,1.0,kg/kg
2006,Eastern Asia,msw_wood,abs_max,1.0,kg/kg
2006,South-Eastern Asia,msw_wood,abs_max,1.0,kg/kg
2006,Southern Asia,msw_wood,abs_max,1.0,kg/kg
2006,Western Asia,msw_wood,abs_max,1.0,kg/kg
2006,Northern Africa,msw_wood,abs_max,1.0,kg/kg
2006,Eastern Africa,msw_wood,abs_max,1.0,kg/kg
2006,Middle Africa,msw_wood,abs_max,1.0,kg/kg
2006,Western Africa,msw_wood,abs_max,1.0,kg/kg
2006,Eastern Europe,msw_wood,abs_max,1.0,kg/kg
2006,Northern Europe,msw_wood,abs_max,1.0,kg/kg
2006,Southern Europe,msw_wood,abs_max,1.0,kg/kg
2006,Western Europe,msw_wood,abs_max,1.0,kg/kg
2006,Caribbean,msw_wood,abs_max,1.0,kg/kg
2006,Central America,msw_wood,abs_max,1.0,kg/kg
2006,South America,msw_wood,abs_max,1.0,kg/kg
2006,Northern America,msw_wood,abs_max,1.0,kg/kg
2006,Australia and New Zealand,msw_wood,abs_max,1.0,kg/kg
2006,Melanesia,msw_wood,abs_max,1.0,kg/kg
2006,Polynesia,msw_wood,abs_max,1.0,kg/kg
